Card Name,Temple,Tier,Cost,Power,Health,Sigils,Token,Traits,Tribes,Flavor Text,Artist,Draftable,Evolved Card,Gemified,Energized,Essence
Bee,Beast,Side Deck,free,1,1,"Airborne, Brittle",,,Insect,Unassuming but determined pests.,Pixel Profligate,,Hornet,,,
Hollow Nest,Beast,Side Deck,free,0,1,"Fledgling, Bloodless",Bloodstained Nest,,Avian Altar,"Empty now, but waiting to be filled.",Nobody,,,,,
Bloodstained Nest,Beast,Side Deck,free,0,1,Fledgling,Offering Nest,,Avian Altar,The first drop calls for more.,Nobody,,,,,
Offering Nest,Beast,Side Deck,free,0,1,"Fledgling, Blood Pact",Sacrificial Nest,,Avian Altar,The brood is eager to be taken.,Nobody,,,,,
Sacrificial Nest,Beast,Side Deck,free,0,1,"Prized Sacrifice, Worthy Sacrifice",,,Avian Altar,All that remains is the taking.,Nobody,,,,,
Squirrel,Beast,Side Deck,free,0,1,,,,Vermin,"Small, frail, but ever so useful.",Pixel Profligate,,Squirrel Ball,,,
Beehive,Beast,Common,1 blood + asterisk,0,2,"Bees Within, Mighty Leap",,Material Diet,Insect,"Nonthreatening, if you leave it be.",Pixel Profligate,T,,,,
Lil' Frog,Beast,Common,1 bone,0,2,"Burrower, Mighty Leap",,,Amphibian,Just a little guy.,Pixel Profligate,T,,,,
Rabbit,Beast,Common,free,0,1,,,,Vermin,What purpose could it serve?,Pixel Profligate,,Jackalope,,,
Tadpole,Beast,Common,free,0,1,"Fledgling, Waterborne",Bullfrog,,Amphibian,"Small, frail, and pathetic... for now.",Pixel Profligate,T,Bullfrog,,,
Frozen Possum,Beast,Common,3 bones,0,5,"Frozen Away, Bloodless",Opossum,,Vermin,Nature is cold and unforgiving.,Pixel Profligate,T,,,,
Anthill,Beast,Common,1 blood + asterisk,0,2,Ants Within,,Material Diet,Ant Construct,A very big home for a very small pest.,NEWS,T,,,,
Axolotl,Beast,Common,1 blood,1,1,Convalesce,,,Amphibian,A friend-shaped regenerator.,Pixel Profligate,T,,,,
Bullfrog,Beast,Common,1 blood,1,3,Mighty Leap,,,Amphibian,"Seemingly lazy, but ever watchful.",Pixel Profligate,T,Cane Toad,,,
Crab,Beast,Common,1 blood,1,1,Armored,,,,"Tiny, scuttling, but resilient stature.",Murigen,T,,,,
Dragonfly,Beast,Common,1 blood,1,2,"Airborne, Battery Bearer",,,Insect,An energetic little bug.,Aioros,T,,,,
Eel,Beast,Common,1 blood,1,1,"Waterborne, Discharge",,,Fish,An energetic little fish.,"Borbay, Mark",T,,,,
Elk Fawn,Beast,Common,1 blood,1,1,"Sprinter, Fledgling",Elk,,Hooved,"Young, ambitious, and scared.",Pixel Profligate,T,Elk,,,
Energy Tentacle,Beast,Common,1 blood,X,2,Surge,,,Tentacle,Shocking...,???,T,,,,
Falcon,Beast,Common,1 blood,1,1,"Airborne, Side Hustle",,,Avian,"High speeds, and good hunting skills.",Mark,T,,,,
Fennec,Beast,Common,1 blood,1,2,"Side Hustle, Annoying",,,Canine,"A predator, surprisingly resilient.",Mark,T,Fox,,,
Farm Hen,Beast,Common,1 blood,1,2,Mother's Heart,,,Avian,Each egg lost is a tragedy for it.,Mark,T,,,,
Flying Ant,Beast,Common,1 blood,X,1,"Airborne, Colony",,,Ant Insect,"A pest alone, but devastating in swarm.",Pixel Profligate,T,Ant Queen,,,
Hedgehog,Beast,Common,1 blood,0,4,"Sharp Quills, Sprinter",,,Vermin,There are 5000 reasons not to eat it.,NEWS,T,,,,
Hummingbird,Beast,Common,1 blood,1,2,"Airborne, Looter, Ticking",,,Avian,1200 heartbeats per minute.,Mark,T,,,,
Kingfisher,Beast,Common,1 blood,1,2,"Airborne, Waterborne",,,Avian,"A swift, slippery hunter.",Pixel Profligate,T,,,,
Leech Cuck,Beast,Common,1 blood,1,1,"Aquanaut, LATCHER_Ticking",,,Insect,The vampires of the swamp.,News,T,,,,
Mantis,Beast,Common,1 blood,1,1,Bifurcated Strike,,,Insect,A slight incarnation of terror.,Pixel Profligate,T,Mantis God,,,
Mirror Tentacle,Beast,Common,1 blood,X,3,Facsimile,,,Tentacle,Curious...,Pixel Profligate,T,,,,
Mole,Beast,Common,1 blood,0,4,Burrower,,,Vermin,"Blind, but seemingly omnipresent.",Pixel Profligate,T,Mole Man,,,
Piranha,Beast,Common,2 blood,1,1,"Aggressive, Swarm",,,Fish,Vicious pack-hunters of the rivers.,Pixel Profligate,T,,,,
Porcupine,Beast,Common,1 blood,1,2,Sharp Quills,,,Vermin,"An ornery, ever-annoying rodent.",Pixel Profligate,T,,,,
Raccoon,Beast,Common,1 blood,1,2,Scavenger,,,Vermin,A scrappy little gatherer.,Pixel Profligate,T,,,,
Rat,Beast,Common,1 blood,2,1,"Scrounger, Annoying",,,Vermin,Out for more then it can chew.,News,T,Crusader Rat,,,
Raven Egg,Beast,Common,1 blood,0,2,Fledgling,Raven,,Avian,No less conniving in incubation.,Pixel Profligate,T,Raven,,,
Ray,Beast,Common,1 blood,1,1,"Waterborne, Sentry",,,Fish,It makes its own electrical surges.,syntaxevasion,T,,,,
Rhino Beetle,Beast,Common,1 blood,1,2,"Rampager, TRIBAL, Ironclad",,,Insect,"A little, but strong insect.",Mark,T,,,,
River Otter,Beast,Common,1 blood,1,2,Waterborne,,,,"Elusive, but not very menacing.",Pixel Profligate,T,,,,
Salamander,Beast,Common,1 blood,1,2,Death Veil,,,Amphibian,Just a touch could be deadly.,Pixel Profligate,T,,,,
Skink,Beast,Common,1 blood,1,2,Loose Tail,Wriggling Tail,,Reptile,It is trying to evade death at any cost.,Pixel Profligate,T,,,,
Skunk,Beast,Common,1 blood,0,3,"Stinky, LATCHER_Stinky",,,,A horrid stench to keep predators away.,Pixel Profligate,T,,,,
Sparrow,Beast,Common,1 blood,1,3,Airborne,,,Avian,"Meek and feeble, yes, but ever so useful.",Pixel Profligate,T,,,,
Squirrel Ball,Beast,Common,1 blood,0,2,Squirrel Shedder,,,Vermin,"An odd, almost unnatural behavior.",Pixel Profligate,T,,,,
Stoat,Beast,Common,1 blood,1,3,,,,Vermin,"A lowly, but ever noble creature.",Pixel Profligate,T,,,,
Termite,Beast,Common,1 blood,1,2,Reinforce,,,Insect,Takes great pride in its constructions.,Murigen,T,,,,
Tick,Beast,Common,1 blood,1,1,"Bloodsucker, Hearty Offering",,,Insect,A minor problem... if not ignored.,Pixel Profligate,T,,,,
Warren,Beast,Common,1 blood,0,1,Rabbit Hole,Rabbit,Warren Trait,,A bountiful pit of hares.,Pixel Profligate,T,,,,
Wolf Cub,Beast,Common,1 blood,1,1,Fledgling,Wolf,,Canine,"An ambitious predator, needing only time.",Pixel Profligate,T,Wolf,,,
Worker Ant,Beast,Common,1 blood,0,2,Colony,,,Worker Ant Insect,"Weak alone, but overwhelming in force.",Pixel Profligate,T,Ant Queen,,,
Adder,Beast,Common,2 blood,2,2,Touch of Death,,,Reptile,"Always lethal, the caustic adder.",Pixel Profligate,T,,,,
Anglerfish,Beast,Common,2 blood,2,1,"Snag, Waterborne",,,Fish,Waiting for you to bite the bait.,Mark,T,,,,
Beaver,Beast,Common,2 blood,1,4,"Summon, Aquanaut",Dam,,Vermin,An industrious creature.,Pixel Profligate,T,,,,
Bell Tentacle,Beast,Common,2 blood,0,2,Bell Ringer,,,Tentacle,Interesting...,Pixel Profligate,T,,,,
Bloodhound,Beast,Common,2 blood,2,3,"Guardian, Gift Bearer",,,Canine Hound,A fiercely loyal companion.,Pixel Profligate,T,,,,
Bone Tentacle,Beast,Common,2 blood,X,1,Scattered Bones,,,Tentacle,Confounding...,Desaft,T,,,,
Bullet Ant,Beast,Common,2 blood,1,2,"Sadism, Touch of Death",,,Ant Insect,A horrifyingly efficient pest.,Murigen,T,Ant Queen,,,
Cellar Spider,Beast,Common,2 blood,1,4,"Clinger, Petrifying Gaze",,,Insect,Some people call it daddy.,Mark,T,,,,
Crocodile,Beast,Common,2 blood,2,2,"Aquanaut, Bloodlust",,,Reptile,The force of its bite is inescapable.,Ixams,T,,,,
Dire Wolf Pup,Beast,Common,2 blood,1,2,"Fledgling, Bone Digger",Dire Wolf,,Canine,Sharpens its' teeth on scounged bones.,Pixel Profligate,T,Dire Wolf,,,
Elk,Beast,Common,2 blood,2,4,Sprinter,,,Hooved,"Hearty of form, but flighty of nature.",Pixel Profligate,T,Moose Buck,,,
Field Mice,Beast,Common,2 blood,2,1,Fecundity,,,Vermin,"Where there is one, another is not far.",Pixel Profligate,T,,,,
Fox,Beast,Common,2 blood,1,4,"Side Hustle, Sprinter",,,Canine,"A skittish, but cunning predator.","Murigen, Ixams",T,,,,
Octopus,Beast,Common,2 blood,2,1,"Evasion, Snag",,,Ceremorph Fish,Lots of limbs for snatching your hopes.,Murigen,T,,,,
Hand Tentacle,Beast,Common,2 blood,X,2,Strong Hand,,,Tentacle,Strange...,Pixel Profligate,T,,,,
Hawk,Beast,Common,2 blood,3,1,Airborne,,,Avian,A violently efficient bird of prey.,Pixel Profligate,T,,,,
Horse,Beast,Common,2 blood,1,4,"Sprinter, Flee",,,Hooved,A steed without its rider.,Murigen,T,,,,
Lamb,Beast,Common,2 blood,0,3,"Life Donor, Hearty Offering",,,Hooved,Sacrifices must be made.,Mark,T,,,,
Leucochloridium,Beast,Common,2 blood,0,4,"Green Gem, Taunt",,,Mox,Drawing the eyes of hungry beasts.,Synthia,T,,,,
Longhorn,Beast,Common,2 blood,1,4,"Worthy Sacrifice, Sprinter",,,Hooved,An ample source of food.,Murigen,T,,,,
Mud Turtle,Beast,Common,2 blood,2,2,Armored,,,Reptile,"A frail turtle, protected by its shell.",Pixel Profligate,T,River Snapper,,,
Ostrich,Beast,Common,2 blood,2,3,"Split Strike, Sprinter",,,Avian,"Flightless, yes, but mobile despite it.",Ixams,T,,,,
Pronghorn,Beast,Common,2 blood,1,3,"Sprinter, Bifurcated Strike",,,Hooved,"Oddly sadistic, this venerable beast.",Pixel Profligate,T,,,,
Ram,Beast,Common,2 blood,1,3,"Aggressive, Tackle",,,Hooved,Way too territorial to allow you in.,Mark,T,,,,
Rat King,Beast,Common,2 blood,2,2,Bone King,,,Noble Vermin,"Tragic royalty, destined to crumble.",Pixel Profligate,T,Cerebral Swarm,,,
Raven,Beast,Common,2 blood,2,3,Airborne,,,Avian,"Horribly clever, this blight of a bird is.",Pixel Profligate,T,,,,
River Snapper,Beast,Common,2 blood,1,6,Bastion,,,Reptile,Stalwart in the face of adversity.,Pixel Profligate,T,,,,
Salmon,Beast,Common,2 blood,2,2,"Waterborne, Sprinter",,,Fish,Expectedly slippery. Surprisingly strong.,Pixel Profligate,T,,,,
Scale Tentacle,Beast,Common,2 blood,X,3,Scale Power,,,Tentacle,How can...,News,T,,,,
Termite Mound,Beast,Common,2 blood + asterisk,0,4,Termites Within,,Material Diet,Insect Construct,An army waiting to be provoked.,Murigen,T,,,,
Toad Orb,Beast,Common,2 blood,0,3,"Mighty Leap, Frog Friend",,,Amphibian,"Strange, further observation is needed.",News,T,,,,
Wild Bull,Beast,Common,2 blood,3,2,Rampager,,,Hooved,Little can stop this rampaging brute.,Pixel Profligate,T,,,,
Wolf,Beast,Common,2 blood,3,2,,,,Canine,A proud and ferocious contender.,Pixel Profligate,T,,,,
Woodpecker,Beast,Common,2 blood,1,2,"Airborne, Double Strike",,,Avian,"A feathered percussionist, a loud pest.",Pixel Profligate,T,,,,
Blue Whale,Beast,Common,3 blood,1,5,"Regurgitate, Aquanaut",,,Fish,A massive stomach for a big appetite.,"Nevernamed, Murigen",T,White Whale,,,
Dire Wolf,Beast,Common,3 blood,2,3,"Double Strike, Bone Digger",,,Canine,"Truly unrelenting, this terrifying canine.",Pixel Profligate,T,,,,
Lion,Beast,Common,3 blood,2,3,"Many Lives, Hemanation, Leader",,,Noble,The mane only fits such a noble beast.,News,T,,,,
Lion_t,Beast,Common,3 blood,2,3,"Many Lives, Hemanation, Bloodlust",,,Noble,The mane only fits such a noble beast.,News,,,,,
Gorilla,Beast,Common,3 blood,3,4,"Tackle, Rampager",,,,The king of the jungle.,"Faycel, Mark",T,,,,
Great White,Beast,Common,3 blood,4,3,"Ravenous, Waterborne",,,Fish,Go fish.,Pixel Profligate,T,,,,
Grizzly,Beast,Common,3 blood,4,5,Aquanaut,,,,Its form speaks enough of its efficacy.,Pixel Profligate,T,Urayuli,,,
Moose Buck,Beast,Common,3 blood,3,7,Hefty,,,Hooved,A towering and ever-powerful beast.,Pixel Profligate,T,,,,
Swamp Goliath,Beast,Common,3 blood,2,6,"Mighty Leap, Hopper",,,Noble Amphibian,An opportunistic glutton.,News,T,,,,
Wriggling Tail,Beast,Common,free,0,2,,,,Reptile,It's hard to call it cowardly...,Pixel Profligate,,Skink,,,
Lemming,Beast,Common,1 bone,0,1,Aggressive,,,Vermin,Not as cowardly as you'd believe.,Murigen,T,,,,
Chick,Beast,Common,2 bones,0,1,Fledgling,"Farm Hen, Rooster",Split Evolution,Avian,A little pettiness at the start.,Mark,T,"Chick, Farm Hen",,,
Mealworm,Beast,Common,2 bones,0,2,Morsel,,,Insect,Does your mouth not water at the sight?,Pixel Profligate,T,,,,
Shrimp,Beast,Common,2 bones,0,1,"Fecundity, Morsel",,Boneless,Fish,Never let them know your next move.,NEWS,T,,,,
Opossum,Beast,Common,3 bones,1,1,Scavenger,,,Vermin,"Resourceful, weak, but endearing.",Pixel Profligate,T,,,,
Bat,Beast,Common,4 bones,2,1,Airborne,,,Vermin,"A minor, meddlesome terror.",Pixel Profligate,T,Nosferatu,,,
Cicada,Beast,Common,3 bones,1,1,"Annoying, Fecundity",,,Insect,Its incessant buzz brought insanity.,Pixel Profligate,T,,,,
Coyote,Beast,Common,4 bones,2,1,"TRIBAL, Scavenger",,,Canine,A meager but dangerous scavenger.,Pixel Profligate,T,,,,
Spider,Beast,Common,3 bones,1,1,Web Shooter,,,Insect,A certified web designer.,Blakeline,T,Cellar Spider,,,
Hornet,Beast,Common,4 bones,1,2,"Airborne, Dive Bomb",,,Insect,Determined to inflict its aggression.,Murigen,T,,,,
Hyena,Beast,Uncommon,6 bones,1,2,"Swarm, Scrounger",,,Canine,A gnarly yet cowardly scavenger.,"Faycel, Mark",T,T,,,
Alpha,Beast,Common,5 bones,1,2,Leader,,,Canine,"A venerable leader, emboldening others.",Pixel Profligate,T,,,,
Corpse Maggots,Beast,Common,5 bones,1,2,Corpse Eater,,,Skeleton Insect,"Always inevitable, emerging from death.",Pixel Profligate,T,,,,
Jackal,Beast,Common,6 bones,2,2,Aggressive,,,Canine,Very territorial around its meal.,Murigen,T,,,,
Rattler,Beast,Common,6 bones,3,1,"TRIBAL, Piercing",,,Reptile,"Brittle, if you can survive its bite.",Pixel Profligate,T,,,,
Orb Weaver,Beast,Common,6 bones,1,2,Summon,Web,,Insect,The best silk maker in nature.,Mark,T,,,,
Wolverine,Beast,Common,5 bones,1,3,Bloodlust,,,,"A vicious beast, bathed in blood.",Pixel Profligate,T,,,,
Scorpion,Beast,Common,5 bones,1,1,"Touch of Death, Counter Strike",,,Insect,Deadly for the clumsy travelers.,Mark,T,,,,
Turkey Vulture,Beast,Common,8 bones,3,3,Airborne,,,Avian,A horrid tyrant upon the skies.,Pixel Profligate,T,,,,
Crow,Beast,Common,1 blood,0,2,"All-Sight, Gem Bearer",,,Avian,It might have found something magical.,Murigen,T,,,,
Ringworm,Beast,Common,1 blood,0,1,Death Veil,,,Insect,"Resoundingly pointless, with little use.",Pixel Profligate,T,,,,
Flatshell,Beast,Common,1 blood,0,2,"Armored, Terrain",,,Reptile,"Frail by itself, powerful in masses.",Desaft,T,,,,
Carved Totem,Beast,Common,1 blood + asterisk,0,2,"Lifeblood, Bloodless",,Material Diet,Pylon,Carved by an unknown architect.,Mark,T,,,,
Badger,Beast,Uncommon,1 blood,1,1,Double Strike,,,,Don't underestimate its aggression.,Murigen,T,,,,
Black Goat,Beast,Uncommon,1 blood,0,1,Worthy Sacrifice,,,Hooved,"A true sacrifice, despite all the blood.",Pixel Profligate,T,Pharaoh's Pets,,,
Cat,Beast,Uncommon,1 blood,0,1,Many Lives,,Nine Lives,,"It may not die, but it does feel the pain.",Pixel Profligate,T,Pharaoh's Pets,,,
Chameleon,Beast,Uncommon,1 blood,1,2,Sigil Eater,,,Reptile,A creature both elegant and unusual.,Pixel Profligate,T,,,,
Cuckoo,Beast,Uncommon,1 blood,1,1,"Airborne, Brood Parasite",,,Avian,"Unfortunately, not all eggs hatch.",Pixel Profligate,T,,,,
Jackalope,Beast,Uncommon,2 blood,2,2,"Hopper, TRIBAL, Repulsive",,,Cryptid,The prey becomes the hunter.,Ixams,T,,,,
Rooster,Beast,Uncommon,1 blood,2,2,"Counter Strike, Annoying",,,Avian,Picking fights with everything.,Ixams,T,,,,
Turkey,Beast,Uncommon,1 blood,1,1,Morsel,,,Avian,Quite the free birds these are.,Murigen,T,,,,
Ant Queen,Beast,Uncommon,2 blood,1,4,"Ant Spawner, Colony",,,Noble Ant Insect,"Regal, royal, and a mother of pests.",Pixel Profligate,T,,,,
Cane Toad,Beast,Uncommon,2 blood,1,4,"Mighty Leap, Death Veil",,,Amphibian,"An ancient, voracious specimen.",Pixel Profligate,T,Swamp Goliath,,,
Magpie,Beast,Uncommon,2 blood,1,3,"Hoarder, Airborne",,,Avian,A collector of trinkets and trash alike.,Pixel Profligate,T,,,,
Pack Mule,Beast,Uncommon,2 blood,0,4,"Sprinter, Loaded",,,Hooved,"Defenseless, but well-stocked.",Pixel Profligate,T,,,,
Red Hart,Beast,Uncommon,2 blood,X,4,"Sprinter, Spilt Blood",,,Hooved,"A sanguine beast, doused in blood.",Pixel Profligate,T,,,,
Red Herring,Beast,Uncommon,1 blood,2,1,"Taunt, Waterborne",,,Fish,They always go for it.,Pixel Profligate,T,,,,
Tatzel,Beast,Uncommon,2 blood,3,1,"Waterborne, Touch of Death",,,Fish,The ultimate sea predator.,News,T,,,,
Dung Beetle,Beast,Uncommon,2 bones,1,1,"Hefty, Stinky",,,Insect,"Quite strong, despite its meager size.",Pixel Profligate,T,,,,
Lammergeier,Beast,Uncommon,3 blood,X,4,"Airborne, Scattered Bones",,,Avian,A horrific bird with a peculiar diet.,Pixel Profligate,T,,,,
Cockroach,Beast,Uncommon,4 bones,1,1,Unkillable,,,Insect,"An immortal, persistent nuisance.",Pixel Profligate,T,,,,
Zen Panda,Beast,Uncommon,7 bones,0,5,Scalebound,,,,It won't let peace and love be tarnished.,Faycel,T,,,,
Koi,Beast,Uncommon,1 blood,0,2,"Leader, Waterborne, Familiar",,,Fish,No longer suited to live in the wild.,Murigen,T,,,,
Geck,Beast,Rare,free,1,1,,,,Reptile,"Uninspiring, but charming despite it all.",Pixel Profligate,T,,,,
Ijiraq,Beast,Rare,free,3,1,"Repulsive, Imposture",,,Cryptid,Its true appearance is... horrifying.,Pixel Profligate,T,,,,
Wendigo,Beast,Rare,free,3,3,"Corpse Eater, Ravenous",,Wendigo Trait,Cryptid,A ravenous beast with insatiable hunger.,Pixel Profligate,T,,,,
Hrokkall,Beast,Rare,1 blood,1,1,"Waterborne, Overclock",,,Fish,"Vicious in looks, but frail in nature.",Pixel Profligate,T,,,,
Mantis God,Beast,Rare,1 blood,1,1,Trifurcated Strike,,,Noble Insect,A perfect incarnation of terror.,Pixel Profligate,T,,,,
Mole Man,Beast,Rare,1 blood,0,6,"Burrower, Mighty Leap",,,Vermin Cryptid,"An unyielding, ultimate defense.",Pixel Profligate,T,,,,
Amalgam,Beast,Rare,2 blood,3,3,,,Amalgam Trait,All,Amalgam is all.,Pixel Profligate,T,,,,
Child 13,Beast,Rare,1 blood,0,1,"Many Lives, Hemanation",,,Hooved Cryptid,"Left abandoned, cursed, and hungry.",News,T,,,,
Child 13_t,Beast,Rare,1 blood,2,1,"Many Lives, Hemanation, Airborne",,,Hooved Cryptid,"Left abandoned, cursed, and hungry.",Pixel Profligate,,,,,
Great Kraken,Beast,Rare,1 blood,2,1,"Waterborne, Tentacleful",,,Cryptid Tentacle Fish,It just wants love.,Pixel Profligate,T,,,,
Pelt Lice,Beast,Rare,4 blood,1,1,Pelt Pest,,,Pelt Insect,The worst part of the trade.,News,T,,,,
Cockatrice,Beast,Rare,2 blood,1,3,"Transformer, Petrifying Gaze",,,Cryptid Avian Reptile,A terrible regent with a shrewd glare.,News,T,,,,
Cockatrice_t,Beast,Rare,2 blood,1,3,"Transformer, Touch of Death",,,Cryptid Reptile Avian,Cunning and vitriol make a lethal bite.,News,,,,,
Hodag,Beast,Rare,2 blood,1,3,"Bloodlust, Bloodsucker",,,Cryptid,"A fearsome, hellacious creature.",Pixel Profligate,T,,,,
Kelpie,Beast,Rare,2 blood,2,1,"Lurking, Hefty",,,Hooved Fish,It will drag you dead in the water.,Mark,T,,,,
Ouroboros,Beast,Rare,2 blood,1,1,Unkillable,,Ouroboros Trait,Reptile Cryptid,It will always return.,Pixel Profligate,T,,,,
Pack Rat,Beast,Rare,2 blood,2,2,Trinket Bearer,,,Vermin,A prudent rat bearing trinkets.,Pixel Profligate,T,,,,
The Daus,Beast,Rare,2 blood,2,2,Summon,Chime,,Vermin,Protective of the bells it summons.,Pixel Profligate,T,,,,
Hydra,Beast,Rare,1 bone,1,5,"Trifurcated Strike, Double Strike",,,Canine Avian Hooved Reptile Insect,A myth... until now.,Pixel Profligate,,,,,
Wechuge,Beast,Rare,3 blood,2,2,"Bloodsucker, Life Donor, Hearty Offering",,,Ancient Cryptid,"It is not a cannibal, surprisingly.",Murigen,T,,,,
White Whale,Beast,Rare,3 blood,3,6,"Deep Dive, Piercing",,,Fish,Whalers go mad at the mere sight.,"Nevernamed, Murigen",T,,,,
Urayuli,Beast,Rare,4 blood,7,7,,,,Cryptid,This level of brutality needs no words.,Pixel Profligate,T,,,,
Mothman,Beast,Rare,1 blood,7,3,Airborne,,,Insect,A portant of death and destruction.,Pixel Profligate,,,,,
Strange Pupa,Beast,Rare,1 blood,0,3,Fledgling,Mothman,,Insect,There is something wriggling inside...,Pixel Profligate,,Mothman,,,
Strange Larva,Beast,Rare,1 blood,0,2,Fledgling,Strange Pupa,,Insect,A largely... unimpressive specimen.,Pixel Profligate,T,Strange Pupa,,,
Curious Egg,Beast,Rare,1 bone,0,1,Finical Hatchling,,,,An unimaginable being awaits inside.,News,T,,,,
Amoeba,Beast,Rare,2 bones,1,2,Amorphous,,,,"Always different, ever-changing.",Pixel Profligate,T,,,,
Snallygaster,Beast,Rare,10 bones,2,5,Omnistrike,,,Cryptid Avian Reptile,A hideous and lethal monstrosity.,Pixel Profligate,T,,,,
Jackrabbit,Beast,Talking,1 blood,0,3,"Rabbit Hole, Battery Bearer, Bone Digger",Rabbit,,Vermin,"""Ah, young one! A pleasure to see you!""",Murigen,,,,,Prism
Boobie,Beast,Talking,2 blood,2,1,"Hoarder, Waterborne",,,Avian,"""Maybe love is merrier as a bird...""",Mark,,,,,
Gormless Fish,Beast,Talking,2 blood,2,2,"Go Fish, Snag",,Angler Trait,Fish,"""You play. I fish.""",Paperpyro,,,,,
Midwife Frog,Beast,Talking,2 blood,1,4,"Croaking Trap, Mighty Leap",,,Amphibian,"""Yet another turn of the skinning knife...""",Pixel Profligate,,,,,
Precise Picum,Beast,Talking,2 blood,1,3,"Falconry, Wood Sculpting",,,Avian,"""Yet again, I am forced to play a role.""",Paperpyro,,,,,
Terrible Goose,Beast,Talking,2 blood,1,2,"Hoarder, Blood Battery",,,Avian,"""Your deck's a lil' lel, not gonna lie.""",Bluemem,,,,,
Weasel,Beast,Talking,2 blood,1,3,"Opportunist, Hopper",,Weasel Trait,Vermin,"""Oh man, this can't be right.""",Pixel Profligate,,,,,
Wild Mutt,Beast,Talking,2 blood,2,3,"Gift Bearer, Go Fetch",,,Canine,"""'Tis a game o' chance! HEEEE-HAAW!!""",Pixel Profligate,,,,,
Grave Diglin,Undead,Side Deck,free,0,1,"Memoriam, Rotting, Bloodless",,,Spectre,"A little spirit, happy to help.",Desaft,,Gravedigger,,,
Shambling Cairn,Undead,Side Deck,free,0,1,"Loose Bones, Bloodless",,,Grave,"A critter, wandering burial grounds.",Murigen,,,,,
Skeleton,Undead,Side Deck,free,1,1,"Scrounger, Brittle, Bloodless",,,Skeleton,A frail and spooky mass of bones.,Pixel Profligate,,Revenant,,,
Disturbed Grave,Undead,Common,free,0,1,"Fledgling, Bloodless",Zombie,,Zombie Grave,They never stay dead for long.,Pixel Profligate,T,Zombie,,,
Draugr,Undead,Common,free,0,1,"Frozen Away, Bloodless",Skeleton,,Skeleton Possessed,"Frozen in time, waiting for freedom.",Pixel Profligate,T,,,,
Gnarl Bark,Terrain,Common,free,0,3,"Rooted, Haunter, Bloodless",,"Sturdy, Boneless",Possessed,A spooky visage in wood.,Pixel Profligate,,,,,
Gravedigger,Undead,Common,1 bone,0,3,Bone Digger,,,Worker,Willing to dig what needs to be dug.,Pixel Profligate,T,Big Dig,,,
Jikininki,Undead,Common,1 bone,0,3,Scavenger,,,Possessed,He'll leave the bones for you to take.,Murigen,T,,,,
Mummy,Undead,Common,1 bone,1,1,,,Boneless,Ancient Zombie,"Battered and withered, but still guarding.",News,T,Mummy Mashimoi,,,
Tombit,Undead,Common,1 bone,0,2,"Made of Stone, Memoriam, Bloodless",,,Grave,"A small, but honorable commemoration.",Murigen,T,,,,
Banshee,Undead,Common,2 bones,1,1,Airborne,,,Spectre,"Rather happy, despite the crying.",Pixel Profligate,T,,,,
Cindergeist,Undead,Common,2 bones,1,1,"Brittle, Burning",,,Skeleton,An echo of the one who played with fire.,News,T,,,,
Floating Urn,Undead,Common,2 bones,0,1,"Frozen Away, Loose Bones, Bloodless",Rags,,Possessed Ancient,"Flings itself around the room, hazardly.",Murigen,T,,,,
Pyroclasm,Undead,Common,2 bones,0,1,"Burning, LATCHER_Burning",,,Spectre,It is on the verge of burning out.,Murigen,T,,,,
Rude Aristocrat,Undead,Common,2 bones,0,2,"Tackle, Taunt",,,Skeleton Noble,A well-fashioned- hey! That's not nice!,News,T,,,,
Skelemagus,Undead,Common,2 bones,X,1,"Brittle, Gem Powered",,,Mox Mage Skeleton,"A once proud mage, left to rot.",Pixel Profligate,T,,,,
Skeleton Crewmate,Undead,Common,2 bones,2,1,"Brittle, Crew Member",,,Skeleton Pirate,"A pirate in life, a pirate in death.","Murigen, Bluemem",T,,,,
Tsutsugamushi,Undead,Common,3 bones,1,1,Bloodsucker,,,Insect Demon,"A bringer of illness, a siphon of life.",Murigen,T,,,,
Zombie,Undead,Common,2 bones,1,1,,,,Zombie,"Naught but a corpse, left to rot.",Pixel Profligate,T,Shambler,,,
Brittling Ghost,Undead,Common,2 bones,0,1,"Fracture, Gift Bearer",,,Skeleton Spectre,"An image, forgotten by time.",Mark,T,Iconoclasm,,,
Broken Obol,Undead,Common,3 bones,0,2,Sharp Quills,,Obol Trait,Ancient,"Careful, the edge is sharp.",NEWS,T,,,,
Broken Obol_t,Undead,Common,3 bones,0,2,Bone King,,Obol Trait,Ancient,Still not all worthless.,NEWS,T,,,,
Ancient Obol,Undead,Common,3 bones,0,4,"Sharp Quills, Bone King",,,Ancient,A worthy offering befitting lord.,NEWS,,,,,
Candy Ghost,Undead,Common,3 bones,1,1,"Gem Bearer, Haunter",,,Spectre,"Trick, treat, or gems!",Murigen,T,,,,
Deadmagogue,Undead,Common,3 bones,1,1,Grim Call,,,Zombie,"No rest, for the dead and the living.",NEWS,T,,,,
Fiddlebones,Undead,Common,3 bones,0,3,"Sea Shanty, Sprinter",,,Skeleton Pirate,Raves in taverns about lost sailors.,Murigen,T,,,,
Ghast,Undead,Common,3 bones,1,1,Stinky,,,Zombie,A corpse left rotten and deformed.,Pixel Profligate,T,,,,
Grave Hopper,Undead,Common,4 bones,1,2,"Burrower, Fracture",,,Skeleton,They just want to find their own grave.,Pixel Profligate,T,,,,
Horseless Headman,Undead,Common,3 bones,3,1,"Target Required, Rooted",,,Possessed,Poor soul was beheaded long ago.,Degi,T,Pumpkin King,,,
Mummy Mashimoi,Undead,Common,3 bones,1,1,Armored,,,Ancient Knight Zombie,Loyally protecting their pharaoh's tomb.,News,T,Mummy Lord,,,
Privateer,Undead,Common,3 bones,2,1,"Sniper, Brittle, Crew Member",,,Skeleton Pirate,A good captain stops ships from sinking.,"Desaft, Nevernamed",T,,,,
Pyre,Undead,Common,3 bones,0,4,"Burning, Frozen Away, Bloodless",Cindergeist,,Possessed,Not quite a blaze of glory.,News,T,,,,
Revenant,Undead,Common,3 bones,3,1,Brittle,,,Skeleton,A bringer of death and renderer of flesh.,Pixel Profligate,T,Underworld Centurion,,,
Shadow,Undead,Common,3 bones,X,1,"Haunter, Facsimile",,Shadow Trait,Spectre,An apt reflection of those around it.,Pixel Profligate,T,,,,
Shambler,Undead,Common,4 bones,1,2,Horde,Zombie,,Zombie,Their numbers grow with their infection.,Pixel Profligate,T,,,,
Skelemancer,Undead,Common,3 bones,0,2,Double Death,,,Skeleton Mage,Still training to raise the dead properly.,Desaft,T,Necromancer,,,
Spirit Orb,Undead,Common,3 bones,0,1,"Blue Gem, Haunter, Bloodless",,,Mox Spectre,Even the lowliest of spirits have use.,Pixel Profligate,T,,,,
Necrose,Undead,Common,4 bones,1,1,Horde,Necrose,,Zombie,Overcome with a strain of disease.,"Murigen, Prof.Eggnog",T,,,,
Animator,Undead,Common,5 bones,1,2,Puppet Master,,,Skeleton,The puppet becomes the puppeteer.,Murigen,T,Puppeteer,,,
Big Dig,Undead,Common,4 bones,0,4,"Unburial, Tomb Digger",,,Worker,"Sometimes, one little shovel isn't enough.",Murigen,T,Night Shifters,,,
Deadeye,Undead,Common,5 bones,1,1,"Sniper, Touch of Death",,,Skeleton Pirate Outlaw,The deadliest shooter on the seas.,Murigen,T,,,,
Exorcist,Undead,Common,5 bones,2,1,Purist,,,Skeleton Mage,Banishing his kind.,Murigen,T,,,,
Curse Bearer,Undead,Common,5 bones,1,2,"Curse, TRIBAL, Stinky",,,Ancient Insect Zombie,Forever cursed eternally in death.,News,T,,,,
Blazing Jack,Undead,Common,2 blood,0,4,"Raging Flames, Haunter",,,Possessed,Their candle was too hot to bear.,Degi,T,Pumpkin King,,,
Frank&Stein,Undead,Common,5 bones,2,2,,,,Zombie Conduit Construct,"Sewn together, friends forever.",Pixel Profligate,T,Abomination,,,
Ghost Ship,Undead,Common,4 bones,0,1,"Waterborne, Skeleton Crew",,,Pirate Spectre,Fully staffed and ready to plunder.,Pixel Profligate,T,,,,
Gloom Dash,Undead,Common,4 bones,2,1,"Rampager, Haunter",,,Demon Spectre,Your two legs can't compare to this.,NEWS,T,,,,
Grave Riser,Undead,Common,4 bones,1,2,Lingering,,Boneless,Grave Zombie,He forgot his bones in the grave.,News,T,,,,
Gruesome Ogre,Undead,Common,9 bones,4,4,"Scrounger, Osteophage",,,,An irrational hunger for calcium.,Murigen,T,,,,
Hanged Man,Undead,Common,4 bones,3,1,"Airborne, Brittle",,,Skeleton,His broken body sways in the breeze.,Pixel Profligate,T,,,,
Haunted Tombstone,Undead,Common,4 bones,0,4,"Made of Stone, Night of the Living Dead",,,Possessed Grave,A monument to the dearly departed.,Pixel Profligate,T,,,,
Memorial,Undead,Common,2 bones,0,3,"Skull Summoner, Made of Stone, Bloodless",,,Grave,Mourning the recently departed.,"Blakeline, Drago",T,,,,
Nosferatu,Undead,Common,5 bones,1,4,"Transformer, Bloodsucker",,,,A bloodsucking prowler of the night.,Pixel Profligate,T,,,,
Nosferatu_t,Undead,Common,5 bones,1,4,"Transformer, Airborne",,,,A bloodsucking prowler of the night.,Pixel Profligate,,,,,
Old Sparky,Undead,Common,4 bones,0,4,"Shock, Rooted",,,Conduit Machine,"Not quite a ""Lightbulb"" moment.",News,T,,,,
One Armed Bandit,Undead,Common,4 bones,X,1,Dice Power,,,Outlaw,They are feeling lucky.,News,T,,,,
Pondead,Undead,Common,5 bones,1,1,"Split Strike, Swarm",,,Chess Mage Skeleton,"Weak alone, but strong in numbers.",Murigen,T,,,,
Prisoner of Time,Undead,Common,4 bones,0,6,"Time Loop, Ticking",,,Skeleton Spectre,Nothing you do shall go unpunished.,Murigen,T,,,,
Restless Soul,Undead,Common,4 bones,2,3,Fading,,,Spectre,Fleeting and soon to be layed to rest.,NEWS,T,,,,
Sarcophagus,Undead,Common,4 bones,0,2,"Fledgling, Bloodless",Mummy Lord,Sarcophagus Trait,Ancient Grave,Traps an evil on the verge of escape.,Pixel Profligate,T,Mummy Lord,,,
Mummy Lord_t,Undead,Common,8 bones,3,3,,,,Noble Ancient Zombie,"A monster in life, a monster in death.","Pixel Profligate, Blakeline",,Great Pharaoh,,,
Soul Latcher,Undead,Common,3 bones,0,1,"LATCHER_Orange Gem, Haunter",,,Spectre Latcher,The struggle is always painful.,News,T,,,,
Scarecrow,Undead,Common,6 bones,1,2,"Bifurcated Strike, Scavenger",,,Possessed,"Forced to harvest, as long as it stands.",Pixel Profligate,T,,,,
The Walkers,Undead,Common,4 bones,1,2,Bone King,,,Zombie,"They lived together, they died together.",Pixel Profligate,T,,,,
Allip,Undead,Common,6 bones,2,1,"Soul Stealer, Bloodsucker",,,Spectre,A spiteful visage of what once was.,Murigen,T,,,,
Bone Scrounger,Undead,Common,5 bones,1,3,"Bone Digger, Scrounger",,,Skeleton Worker,Some are forced to scavenge the graves.,Pixel Profligate,T,,,,
Cadaver Rat,Undead,Common,1 blood,1,1,"Corpse Eater, Unburial",,,Vermin Zombie,A corpse within a corpse.,Pixel Profligate,T,,,,
Chaos Summoner,Magick,Common,2 shattered prisms,1,3,"Bifurcated Strike, Regurgitate",,,Wizard,An effective way to disrupt the enemy.,News,T,,,,
Ectoplasm,Undead,Common,5 bones,1,2,"Fecundity, Memoriam",,,Spectre,"Remains of a spirit, quick to expand.",Pixel Profligate,T,,,,
Gargoyle,Undead,Common,5 bones,1,4,"Made of Stone, Mighty Leap",,,Possessed,"Protecting the mausoleum, by force.",Pixel Profligate,T,,,,
Iron Maiden,Undead,Common,3 bones,0,1,"Deathtrap, Frozen Away, Bloodless",Mummy,,Ancient Construct,The price of insubordinance is pain.,Pixel Profligate,T,,,,
Nurikabe,Undead,Common,4 bones,0,3,"Burrower, Sharp Quills, Made of Stone",,,Spectre,An invisible wall blocks the way.,Murigen,T,,,,
Plague Doctor,Undead,Common,5 bones,1,2,Touch of Death,,,Worker,"Wherever they travel, death follows.",Murigen,T,,,,
Possessed Armor,Undead,Common,5 bones,1,4,"Armored, Frozen Away, Bloodless",Poltergeist,,Knight Possessed,A common vessel for spirits.,Pixel Profligate,T,,,,
The Bloated,Undead,Common,5 bones,1,1,"Detonator, Scrounger",,,Mutant Zombie,"Grotesque boils, ready to burst.",Pixel Profligate,T,,,,
Underworld Centurion,Undead,Common,5 bones,2,1,"Double Strike, Brittle",,,Ancient,"A legionnaire in life, a soldier beyond.",Murigen,T,,,,
Wrathful Ghost,Undead,Common,5 bones,1,1,"Sadism, Haunter",,,Spectre,Wicked and Cruel to the code.,News,T,,,,
Bonehound,Undead,Common,7 bones,2,3,"Guardian, Scrounger",,,Canine Skeleton Hound,"Ever loyal, even beyond the grave.",Pixel Profligate,T,,,,
Coroner,Undead,Common,6 bones,2,3,"Snag, Desecration",,,Outlaw Worker,The deceased won't resist much longer.,Murigen,T,,,,
Head Hunter,Undead,Common,6 bones,2,1,"Sniper, Skull Taker",,,,Bringing forth the rewards of each kill.,Desaft,T,,,,
Lich,Undead,Common,7 bones,2,1,"Leader, Memoriam",,,Skeleton Cultist,Ever emboldening their undead horde.,Pixel Profligate,T,,,,
Scorching Head,Undead,Common,3 bones,1,1,"Airborne, Fire Blast",,,Skeleton Spectre,Impactical is the perfect description.,News,T,,,,
Silent Wanderer,Undead,Common,6 bones,2,1,Spirit Medium,,,Outlaw,Follows a vow of silence.,Murigen,T,,,,
Big Bones,Undead,Common,6 bones,2,3,Hefty,,,Skeleton,"In life, nobody believed, but it was true.",Desaft,T,,,,
Draug Raider,Undead,Common,6 bones,2,2,Stinky,,,Knight Zombie,"Risen, Rotten and bloodthirtsy.",News,T,,,,
Corsecomb Knight,Undead,Common,7 bones,3,1,Armored,,,Avian Knight Zombie,The grimest knight.,Murigen,T,,,,
Spine Wyrm,Undead,Common,8 bones,3,2,"Sharp Quills, Loose Bones",,,Skeleton Reptile,A monstrous force of ivory.,Pixel Profligate,T,,,,
Stitches,Undead,Common,6 bones,0,5,"Burrower, Resentful",,,Possessed,"Once a friendly face, repaying unkindness.",Murigen,T,,,,
Zombie Swarm,Undead,Common,7 bones,1,3,Summon,Zombie,,Zombie,"1, 2, 3... No, ""Too many"" would be right.",NEWS,T,,,,
Aptrgangr,Undead,Common,7 bones,2,2,Sadism,,,Zombie,"Once a warrior, now driven feral.",News,T,,,,
Bone Devil,Undead,Common,9 bones,4,2,"Scavenger, Frozen Away",Bone Shadow,,Skeleton Demon,An infernal and sadistic creature.,Murigen,T,,,,
Carrion Mouth,Undead,Common,10 bones,2,5,"Bloodsucker, Deathtrap",,,Cryptid,"Locked away, and for good reason.",Pixel Profligate,T,,,,
Gashadokuro,Undead,Common,10 bones,2,6,"Skull Summoner, Mighty Leap",,,Skeleton Demon,The imposing visage of your failure.,NEWS,T,,,,
Rags,Undead,Common,1 max,0,2,"Unburial, Haunter",,,Spectre,That one seems happier in death.,Murigen,T,,,,
Spook,Undead,Common,1 max,0,1,"Annoying, Fracture",,,Spectre,Boo!,Murigen,T,,,,
Soul,Undead,Common,1 max,1,1,"Airborne, Incense",,,Spectre,Brought back to fulfill their vengeance.,News,,,,,
Dalgyal,Undead,Common,2 max,0,2,"Sentry, Haunter",,,Spectre,Do not look at it.,Desaft,T,,,,
Poltergeist,Undead,Common,2 max,1,1,"Snag, Haunter",,,Spectre,"An incessant, incorporeal meddler.",Murigen,T,,,,
Apparition,Undead,Common,3 max,1,1,"Aggressive, Sharp Quills",,,Spectre,Every encounter with it is frightening.,Murigen,T,,,,
Lost Hewer,Undead,Common,3 max,1,1,"Reinforce, LATCHER_Bone Digger",,,Worker Spectre,"Despite everything, the labor continues.",Murigen,T,,,,
Nighty Mary,Undead,Common,3 max,0,1,"Fledgling, Distresser",Iconoclasm,,Aberration Spectre,"From the flame, to your hand.",Mark,T,,,,
Bone Shadow,Undead,Common,5 max,3,1,Spiteful,,,Skeleton Spectre Demon,"Ruthlessly tries to rekindle itself.",Blakeline,T,,,,
Ghost Knight,Undead,Common,4 max,1,1,"Ironclad, Haunter, Bloodless",,Sturdy,Knight Spectre,Still fighting in the afterlife.,News,T,,,,
Tsukumogami,Undead,Common,4 max,0,1,"Mass Grave, Haunter",,,Possessed,A tool that's lived for a century.,Murigen,T,,,,
Shade,Undead,Common,4 max,1,1,"Lingering, Haunter",,,Spectre,Its always able to find a way in.,Murigen,T,,,,
Wraith,Undead,Common,5 max,1,1,"Touch of Death, Haunter",,,Spectre,An inescapable harbinger of death.,Murigen,T,,,,
Iconoclasm,Undead,Common,7 max,2,2,"Leader, Counter Strike",,,Aberration Spectre,You can't kill an idea.,Murigen,T,,,,
Pumpkling,Undead,Common,1 blood,1,1,"Spiteful, Rooted",,,Possessed,Preys always end up completely drained.,Murigen,T,,,,
Trenchfoot,Undead,Common,1 blood,1,2,"Cull Out, Sprinter",,,Zombie,The game is a... foot.,News,T,,,,
Clot,Undead,Common,2 blood,0,2,"Fledgling, Aggressive",Meatman,,,An unfortunate pile of meat and thought.,Pixel Profligate,T,Meatman,,,
Ghoul,Undead,Common,2 blood,2,2,"Corpse Eater, Rotting",,,Demon,A scavenger of fresh blood.,Pixel Profligate,T,,,,
Mound of Flesh,Undead,Common,2 blood,0,4,"Life Donor, Convalesce",,,,Forever regrowing its own tissue.,Pixel Profligate,T,,,,
Samurai,Undead,Common,2 blood,1,3,"Counter Strike, Bloodlust",,,Knight,She always lands decisive blows.,Mark,T,,,,
Meatman,Undead,Common,3 blood,4,2,Worthy Sacrifice,,,Demon,An ever-imposing wall of meat.,Pixel Profligate,T,,,,
Mimic,Undead,Common,5 bones,0,1,"Fledgling, Gift Bearer",Carrion Mouth,,Possessed,Contains naught but secrets and fear.,Pixel Profligate,T,Carrion Mouth,,,
The Smoke,Undead,Uncommon,2 bones,0,1,Bone King,,Smoke Trait,Spectre,The last wisp of a life snuffed out.,Pixel Profligate,T,Greater Smoke,,,
The Smoke_t,Undead,Uncommon,2 bones,0,1,"Bone King, Purist",,,Spectre,The last wisp of a life snuffed out.,Pixel Profligate,,Greater Smoke,,,
Terrible Twins,Undead,Uncommon,2 bones,1,2,"Brittle, Bifurcated Strike, Bloodless",,,Skeleton Skeleton,They are twice the trouble.,News,T,,,,
Yuki-Onna,Undead,Uncommon,3 bones,1,1,Hoarfrost,,,Spectre,Like new snowfall on a winter morning.,News,T,,,,
Cursed Tomb,Undead,Uncommon,4 bones,0,3,"Curse, Frozen Away, Bloodless",Sarcophagus,,Possessed Ancient Altar,Ancient relics are buried deep within.,Murigen,T,,,,
Gone,Undead,Uncommon,4 bones,0,1,"Unkillable, Terrain",,,Spectre,,Desaft,T,,,,
Librarian,Undead,Uncommon,7 bones,1,2,"Hoarder, Memoriam",,,Skeleton Cultist,They search for knowledge beyond life.,Pixel Profligate,T,,,,
Restless Spirit,Undead,Uncommon,5 bones,1,3,Witching Hour,,,Grave Spectre,Back to settle a score. Again...,News,T,,,,
Skelemaster,Undead,Uncommon,5 bones,1,2,"Recall the Broken, Fragile Construct",,,Wizard Skeleton,Has an affinity for all things brittle.,Murigen,T,,,,
The Hierophant,Undead,Uncommon,5 bones,0,2,Reanimate,,,Noble Skeleton,Even the departed deserve redemption.,News,T,,,,
Cursed Skull,Undead,Uncommon,6 bones,2,1,"LATCHER_Brittle, LATCHER_Brittle",,,Skeleton Spectre,A schizophrenic's skull.,News,T,,,,
Pharaoh's Pets,Undead,Uncommon,6 bones,0,1,"Many Lives, Hemanation",,,Ancient Hooved,"An inseperable pair, fit for a king.",Pixel Profligate,T,,,,
Pharaoh's Pets_t,Undead,Uncommon,6 bones,0,1,"Many Lives, Hemanation, Worthy Sacrifice",,,Ancient Hooved,"An inseperable pair, fit for a king.",Pixel Profligate,,,,,
Grime,Undead,Uncommon,6 bones,2,2,"Spiteful, Opportunist",,,Spectre,Forever having the last laugh.,Murigen,T,,,,
Summoner,Undead,Uncommon,6 bones,1,3,Summon,Soul,,Demon Mage,Its companions won't leave them so soon.,Murigen,T,,,,
Mummy Lord,Undead,Uncommon,8 bones,3,3,Purist,,,Noble Ancient Zombie,"A monster in life, a monster in death.",Pixel Profligate,T,Great Pharaoh,,,
Nachzehrer,Undead,Uncommon,7 bones,2,1,"Bloodsucker, Bloodlust",,,Zombie,Consuming whatever carrion it can find.,Pixel Profligate,T,,,,
Gravekeeper,Undead,Uncommon,6 bones,2,2,"Spiritual Persistance, Memoriam",,,Chess Spectre,Protecting your final resting place.,Desaft,T,,,,
Abyss Watcher,Undead,Uncommon,9 bones,2,2,"Double Strike, Horde",Mummy Mashimoi,,Ancient Zombie,Guardians of unknowable depths.,"Murigen, Ixams",T,,,,
Wight,Undead,Uncommon,8 bones,2,3,Legion,,,Zombie,"A venerable commander, more so in death.",Murigen,T,,,,
Abomination,Undead,Uncommon,10 bones,1,7,"Attack Conduit, Stinky",,,Zombie Conduit Construct,Cobbled together from skin and bone.,Pixel Profligate,T,,,,
Powder Kelly,Undead,Uncommon,10 bones,2,1,Bomber,,,Skeleton Pirate,Landlubbers beware and crew take cover!,NEWS,T,,,,
Creaking Skull,Undead,Uncommon,9 bones,3,4,Bone King,,,Skeleton,Bones rattle in the night.,Murigen,T,,,,
Phantom Mass,Undead,Uncommon,5 max,X,1,"Assimilator, Ticking, Health Power",,,Spectre Aberration,An all-consuming mass of despair.,Pixel Profligate,T,,,,
Undead Cat,Undead,Uncommon,1 blood,3,6,,,,Zombie,Poor creature... how it has suffered.,Pixel Profligate,,,,,
Bone Heap,Undead,Rare,free,0,1,Enlarge,,,Skeleton,A mass of marrow and carrion.,Pixel Profligate,T,,,,
Bone Lord's Horn,Undead,Rare,3 bones,0,1,"Bonehorn, Bone King",,,Ancient Demon,This is a rather... interesting boon.,Pixel Profligate,T,,,,
Drowned Soul,Undead,Rare,3 bones,1,1,"Touch of Death, Waterborne",,,Spectre,A shame no one was there to save them.,Pixel Profligate,T,,,,
Slinger's Soul,Undead,Rare,6 bones,3,1,Head Shot,,,Outlaw Spectre,A stalwart spirit sharpshooter.,Desaft,T,,,,
Tomb Robber,Undead,Rare,3 bones,0,2,Disentomb,,,Skeleton,A little investment goes a long way.,Pixel Profligate,T,,,,
Dead Hand,Undead,Rare,4 bones,1,1,Handy,,,Zombie,"Not all there, but carries a boon.",Pixel Profligate,T,,,,
Victor,Undead,Rare,4 bones,2,1,"Reanimate, Bone Digger",,,Zombie Conduit,"A true monster, men couldn't compare.",News,T,,,,
Long Elk,Undead,Rare,5 bones,1,2,"Spine Walker, Touch of Death",,,Hooved Skeleton,Words cannot describe this... creature.,Pixel Profligate,T,,,,
Necromancer,Undead,Rare,5 bones,0,2,"Double Death, Memoriam",,,Skeleton Wizard,"Back from the grave, if only briefly.",Pixel Profligate,T,,,,
Night Shifters,Undead,Rare,5 bones,0,5,"Mass Grave, Rotting",,,Worker,"Working the graveyard shift, together.","Yoyo, Lilith",T,,,,
Puppeteer,Undead,Rare,6 bones,0,6,"Puppet Master, Taunt, Made of Stone",,,Skeleton,"A frail, but powerful sense of control.",Desaft,T,,,,
Grave Knight,Undead,Rare,8 bones,4,4,"Repulsive, Rotting",,,Grave Knight,"Sworn to protect, even from beyond.",Murigen,T,,,,
Davy Jones,Undead,Rare,8 bones,2,3,"Looter, Sea Shanty",,,Pirate Spectre,,"Desaft, Nevernamed",T,,,,
Great Pharaoh,Undead,Rare,10 bones,2,3,"Purist, Curse",,Pharaoh Trait,Ancient Skeleton Noble,"A tyrannic ruler, back to take his throne.",Murigen,T,,,,
Skeletaur,Undead,Rare,10 bones,3,2,"Double Strike, Rampager",,,Hooved Skeleton,Its labyrinth became its tomb.,Pixel Profligate,T,,,,
Headless Horseman,Undead,Rare,13 bones,5,5,"Airborne, Sprinter",,,Spectre,Striking fear into all who see him.,Pixel Profligate,T,,,,
Grand Cadaver,Undead,Rare,15 bones,6,6,Brittle,,Spine Ripper Trait,Ancient Skeleton Demon,"The spite of a thousand bones, at once.",Murigen,T,,,,
Hellspawn,Undead,Rare,1 blood + asterisk,1,2,Confused Strike,,Hell Trait,Demon,It craves blood for its existence.,Mark,T,,,,
Cerberus,Undead,Rare,3 blood,1,3,"Trifurcated Strike, Bloodlust",,,Demon Canine,Something wicked this way comes.,"Yoyo, Bluemem",T,,,,
Pumpkin King,Undead,Rare,3 blood,1,7,"Pay Tribute, Rooted",,,Possessed Noble,Always in need of bloody sacrifice.,Pixel Profligate,T,,,,
Amoebones,Undead,Rare,3 max,1,1,"Amorphous, Haunter",,,Skeleton Spectre,Full of potential if given the chance.,News,T,,,,
The Reaper,Undead,Rare,6 max,0,3,"Grim Power, Touch of Death",,,Skeleton Spectre,Your time is up.,Murigen,T,,,,
Frozen Frame,Undead,Talking,3 bones,2,1,"Sharp Quills, Hoarfrost",,,Skeleton,"""Dude! Maybe turn up the heat a little?""",Murigen,,,,,
Gnawed Remains,Undead,Talking,3 bones,0,3,Chew Toy,,,Skeleton,"""P-Please don't play me...""",Murigen,,,,,
Scurvy Cap'n,Undead,Talking,3 bones,1,2,"Skeleton Crew, Sea Shanty",,,Skeleton Pirate,"""I git t'live out me dream as a card!""",Murigen,,,,,
Smoky Gentleman,Undead,Talking,3 bones,1,3,Ash Tray,,,Noble Skeleton,"""It appears I am useful, splendid!""",News,,,,,
Bag O' Bones,Undead,Talking,4 bones,1,2,"Harvester, Double Strike",,,Skeleton,"""Welp, guess it's my turn.""",Pixel Profligate,,,,,
Burnt Body,Undead,Talking,4 bones,1,5,"Raging Flames, Burning",,,Zombie,"""Oh cool, it's me. Great.""",Pixel Profligate,,,,,
Grave Mason,Undead,Talking,4 bones,1,4,Haunted Stonework,,,Worker,"""Craft your vision.""",Murigen,,,,,
Bones Malone,Undead,Talking,5 bones,2,1,"Sniper, Rattle 'Em!",,,Skeleton Outlaw,"""Piracy is stealing! I love stealing!""","Yoyo, Bluemem, News",,,,,
Star Weaver,Undead,Talking,5 bones,1,4,"Equivalent Exchange, Gift Bearer",,,Skeleton,"""From dust I am born, to dust I succumb.""",Pixel Profligate,,,,,
Unlucky Corpse,Undead,Talking,6 bones,2,2,Unearthed Pack,,,Zombie,"""Wow, great draw!""",Pixel Profligate,,,,,
Unseelie Queen,Undead,Talking,2 blood,2,2,"Unseelie Authority, Witching Hour",,,Noble,"""Cower! It is now the Witching Hour!""",Herilind,,,,,
L33pbot,Tech,Side Deck,free,0,2,"Mighty Leap, Bloodless",,,Leep Bot,Strong springs for jumping into action.,Pixel Profligate,,L33pbot.V2,,,
Power Bank,Tech,Side Deck,free,0,1,"Battery Bearer, Power Leak, Bloodless",,,Machine,Charges 99% faster than the big brand.,Murigen,,,,,
Gem Nanite,Tech,Side Deck,free,0,1,"Transformer, Green Gem, Bloodless",,,Mox Mechabeast,They always make the best light shows.,Mark,,,,,
Gem Nanite_t,Tech,Side Deck,free,0,1,"Transformer, Orange Gem, Bloodless",,,Mox Mechabeast,They always make the best light shows.,Mark,,,,,
Gem Nanite_t_t,Tech,Side Deck,free,0,1,"Transformer, Blue Gem, Bloodless",,,Mox Mechabeast,They always make the best light shows.,Mark,,,,,
Null Conduit,Tech,Common,free,0,1,Bloodless,,,Conduit,"Transfers power, but not much else.",Pixel Profligate,T,,,,
Dummy Norton,Tech,Common,1 max,0,2,"Annoying, Purist",,,Insect Bot,Impossible to get off your computer.,Desaft,T,,,,
Empty Vessel,Tech,Common,3 energy,0,1,Blank Copy,,,Bot,"A blank slate, brimming with potential.",Pixel Profligate,T,Packed Vessel,,,
Junk-0,Tech,Common,1 energy,0,1,Stinky,,,Android,It's odd for rust to smell this bad.,Pixel Profligate,T,Scrapton,,,
Light Latcher,Tech,Common,1 energy,0,1,LATCHER_Powered,,,Latcher,It only powers one slot.,Murigen,T,,,,
Sentry Drone,Tech,Common,1 energy,0,1,Sentry,,,Machine,Shoots anything that gets close.,Pixel Profligate,T,Shutterbug,,,
Automaton,Tech,Common,2 energy,1,1,,,,Bot,The most basic in function and form.,Pixel Profligate,T,,,,
Billdozer,Tech,Common,2 energy,0,3,Bulldoze,,,Worker Machine,"Well-meaning, but notoriously pushy.",syntaxevasion,T,,,,
Boom-o-latcher,Tech,Common,2 energy,0,1,LATCHER_Detonator,,,Latcher,Loading others with extreme explosives.,Pixel Profligate,T,,,,
Energy Bot,Tech,Common,1 energy,0,1,Battery Bearer,,,Bot,Full of energy that it cannot use.,Pixel Profligate,T,,,,
49er,Tech,Common,2 energy,1,1,Sprinter,,,Worker Android Bot,"On the move, searching for something.",Pixel Profligate,T,,,,
Gift Bot,Tech,Common,2 energy,0,2,Gift Bearer,,,Bot,What could it be hiding from you?,Pixel Profligate,T,Gift Bot EX,,,
Janitor,Tech,Common,2 max,1,1,Clock Out,,,Worker,They're doing the bare minimum.,Lesbian Pepsi,T,,,,
Mechanical Jewel,Tech,Common,2 energy,0,2,Destiny,,,Mox Machine,Reads fate with relative uncertainty.,NEWS,T,,,,
C4nva5 L33pbot,Tech,Common,3 energy,0,2,Mighty Leap,,,Leep Bot,"A simple design, easily modified.",News,T,,T,,
Pop-up Blocker,Tech,Common,1 max + 1 energy,0,1,"Burrower, Armored",,,,Your damage request has been denied.,Answearing Machine,T,,,,
Alarm Bot,Tech,Common,3 energy,2,1,Annoying,,,Silly Bot,"Universally reviled, but always on time.",Pixel Profligate,T,,,,
Bone Mill,Tech,Common,3 energy,0,2,Fossil Fuel,,,Machine,Also useful for producing glue.,Desaft,T,,,,
Busted 3D Printer,Tech,Common,3 energy,0,3,Vessel Printer,,,Machine,Just needs a good hit to get it going.,Mark,T,Pristine 3D Printer,,,
Cable Latcher,Tech,Common,3 energy,1,1,LATCHER_Null Conduit,,,Conduit Latcher,Just barely able to make a connection.,Murigen,T,,,,
Draugear,Tech,Common,3 energy,0,2,"Frozen Away, Bloodless",Exeskeleton,,Possessed Machine,"Cold, but not calculating.",Desaft,T,Mysterious Vat,,,
Glowbot,Tech,Common,3 energy,1,1,"Powered, Haunter",,,Bot,Its light will outlive it.,Murigen,T,,,,
Healing Conduit,Tech,Common,3 energy,0,2,Heal Conduit,,,Conduit,"An old model, but nonetheless effective.",Pixel Profligate,T,,,,
Insectodrone,Tech,Common,2 energy,1,1,Airborne,,,Bot,The buzz of its flight is irritating.,Pixel Profligate,T,Photo Drone,,,
Kind Cell,Tech,Common,4 energy,1,2,CELL_Generosity Bearer,,,Cell,It might be feeling generous.,Pixel Profligate,T,,,,
M34t Bot,Tech,Common,3 energy,0,2,Hearty Offering,,,Cyborg Bot,A... curious bot indeed.,Pixel Profligate,T,Haem-O-Latcher,,,
Marrow Cell,Tech,Common,3 energy,1,1,CELL_Tomb Digger,,,Cell,All bones obtained legally.*,Murigen,T,,,,
Pipe Bomb,Tech,Common,3 energy,0,3,"Detonator, Ticking, Bloodless",,Sturdy,Bot Machine,Good play. Unfortunately...,Answearing Machine,T,Explode Bot,,,
Relay Conduit,Tech,Common,3 energy,0,2,Conduit Relay,,,Conduit,Breaches the limits of conduit power.,Murigen,T,,,,
Scrapdigger,Tech,Common,2 max,0,3,Excavator,,,Android Worker,Digs for spare parts to repair itself.,Desaft,T,,,,
Scrapton,Tech,Common,3 energy,1,2,"Made of Stone, Bloodless",,,Bot,"Heavy and sluggish, but extremely solid.",Murigen,T,,,,
Shield Latcher,Tech,Common,2 energy,0,1,LATCHER_Armored,,,Latcher,Protecting others better than itself.,Pixel Profligate,T,,,,
Sniper Bot,Tech,Common,3 energy,1,1,Sniper,,,Bot,"Easy to aim, easy to shoot.",Pixel Profligate,T,0bs3rv3r,,,
Solar Cell,Tech,Common,3 energy,1,2,CELL_Generator,,,Cell,"Making renewable energy, with no waste.",Murigen,T,,,,
Sparkplug,Tech,Common,3 energy,0,2,Generator,,,Bot,A surprisingly helpful piece of tech.,Murigen,T,,,,
50-nar,Tech,Common,3 energy,1,1,Transformer,,,Mechabeast Vermin,Its irritating screeches are unbearable.,Pixel Profligate,T,,,,
50-nar_t,Tech,Common,3 energy,2,1,"Transformer, Airborne",,,Mechabeast Vermin,Its irritating screeches are unbearable.,Pixel Profligate,,,,,
Qu177,Tech,Common,5 energy,2,2,Transformer,,,Mechabeast Vermin,An ornery little tin can.,Pixel Profligate,T,,,,
Qu177_t,Tech,Common,5 energy,1,2,"Transformer, Sharp Quills",,,Mechabeast Vermin,An ornery little tin can.,Pixel Profligate,,,,,
Blood Conduit,Tech,Common,4 energy,0,2,Blood Conduit,,,Conduit,Even blood contains iron.,Murigen,T,,,,
Botty Boltlegs,Tech,Common,2 max + 2 energy,1,3,"Death Surge, Clinger",,,Bot,An efficient use of energy while running.,NEWS,T,,,,
Conduit Spooler,Tech,Common,3 energy,0,2,Wire Weaver,,,Bot,Tends to unravel a bit more than needed.,Murigen,T,,,,
Exeskeleton,Tech,Common,3 energy,2,2,Brittle,,,Skeleton Android,A frail and spooky mass of scrap metal.,Desaft,T,SEG-Fault,,,
Tough Cell,Tech,Common,3 energy,1,1,Circuit Buff,,,Cell,Now you're playing with power.,Pixel Profligate,T,,,,
Acid Cell,Tech,Common,4 energy,1,1,CELL_Touch of Death,,,Cell,So corrosive it even melts metal.,???,T,,,,
Explode Bot,Tech,Common,4 energy,1,1,Detonator,,,Bot,A bump could set it off.,Pixel Profligate,T,Mrs. Bomb,,,
Factory Conduit,Tech,Common,4 energy,0,3,Spawn Conduit,,,Conduit,"Even in battle, the line does not stop.",Pixel Profligate,T,,,,
Guardian Cell,Tech,Common,3 energy,0,4,CELL_Fuse Cover,,,Cell,Protective of what fuels them.,"Murigen, Desaft",T,,,,
L33pbot.V2,Tech,Common,4 energy,1,3,Mighty Leap,,,Leep Bot,Has improved leaps and bounds.,News,T,Very Big L33pbot,,,
Overcharger,Tech,Uncommon,3 max,0,3,"Spare Supply",,,Conduit Machine,Not-so-free refill.,[REDACTED],T,,,,
Power Station,Tech,Common,4 energy,0,3,Capacitor,,,Conduit,Modern power grids always have backup.,Murigen,T,,,,
Sapphire Latcher,Tech,Common,1 max + 3 energy,1,1,"Blue Gem, LATCHER_Blue Gem",,,Mox Latcher,Please do not the moxbot.,News,T,,,,
Shield Bot,Tech,Common,3 energy,1,1,Armored,,,Android Bot,"Surprisingly sturdy, given its size.",Pixel Profligate,T,,,,
Splinter Cell,Tech,Common,4 energy,1,1,CELL_Trifurcated Strike,,,Cell,We couldn't fit a fourth strike.,Pixel Profligate,T,,,,
Tumbler Conduit,Tech,Common,4 energy,0,3,"Hotswap, Sharp Quills",,,Conduit Aberration,Automatically mixes things up.,T,T,,,,
Buff Conduit,Tech,Common,3 energy,0,2,Attack Conduit,,,Conduit,Sometimes they need a little extra juice.,Pixel Profligate,T,,,,
Visor Cell,Tech,Common,4 energy,2,1,CELL_Sniper,,,Cell,Needs help to exert its basic function.,News,T,,,,
Bat Tery,Tech,Common,6 energy,2,1,"Airborne, Death Surge",,Sturdy,Bot Vermin,The wings are organic... repugnant.,Mark,T,,,,
Gem Guardian,Tech,Common,5 energy,1,2,Gem Guardian,,,Mage Bot,Protects its power source.,NEWS,T,,T,,
Gem Detonator_t,Tech,Common,5 energy,1,2,Gem Detonator,,,Mage Bot,Weaponizes its power source.,NEWS,T,,T,,
Killer Droid,Tech,Common,3 max + 2 energy,1,3,"Sadism, Sniper",,,Android,"Deadly accuracy, deadly reloading speed.",Mark,T,,,,
Mox Memory Unit,Tech,Common,6 energy,0,3,"Gem Conduit, Green Gem",,,Mox Conduit,Emeralds track data very well.,Pixel Profligate,T,,,,
Mox Hardware Unit,Tech,Common,6 energy,0,3,"Gem Conduit, Orange Gem",,,Mox Conduit,Rubies are great conductors.,Pixel Profligate,T,,,,
Mox Processing Unit,Tech,Common,6 energy,0,3,"Gem Conduit, Blue Gem",,,Mox Conduit,Sapphires empower calculations.,Pixel Profligate,T,,,,
Nucl34pbot,Tech,Common,5 energy,0,6,"Ticking, Generator",,,Leep Machine,It cannot handle its own energy.,"Murigen, Nevernamed",T,,,,
Skel-e-latcher,Tech,Common,5 energy,1,2,LATCHER_Brittle,,,Latcher,Full of neurotoxins.,Pixel Profligate,T,,,,
Brainiac,Tech,Common,2 sapphires,1,2,"Cull Out, Hoarder",,,Android Ceremorph,Amalgam of Organic and Computer brains.,Mark,T,Elder Brainiac,,,
Split Cell,Tech,Uncommon,8 energy,0,3,"Circuit Buff, CELL_Bifurcated Strike",,,Cell,"Stronger than its counterpart, ironically.",???,T,,,,
Thick Droid,Tech,Common,6 energy,1,2,Ironclad,,,Android,It's just happy to be here.,Pixel Profligate,T,,,,
K-9,Tech,Common,5 energy,1,2,Transformer,,,Mechabeast Canine,A vicious and twisted metal construct.,NEWS,T,,,,
K-9_t,Tech,Common,5 energy,3,2,Transformer,,,Mechabeast Canine,A vicious and twisted metal construct.,Pixel Profligate,,,,,
Shreddinator,Tech,Common,3 energy,0,3,"Desecration, Sharp Quills",,,Bot Machine,For complete and proper disposal.,Murigen,T,,,,
Pirater,Tech,Common,6 energy,2,1,"Brittle, Looter",,,Skeleton Pirate Android,Firewalls only motivate it further.,Desaft,T,,,,
Sky Spy,Tech,Common,5 energy,1,3,"Airborne, Spotlight",,,Machine,A bit too obvious for a recon drone.,News,T,,,,
Steel Mice,Tech,Common,5 energy,1,2,Fecundity,,,Mechabeast Vermin,Keep their wires from getting tangled.,Pixel Profligate,T,,,,
4ntdroid,Tech,Common,6 energy,X,3,"Colony, Capacitor",,,Ant Insect Mechabeast,A scuttling little worker machine.,Pixel Profligate,T,,,,
Firebot,Tech,Common,1 max + 4 energy,1,3,Firestarter,,,Bot Outlaw,Good way to dispose of the evidence.,News,T,,,,
Fr4nk3n-trons,Tech,Common,5 max,2,2,Attack Conduit,,,Android Conduit Construct,"Twice the heads, double the power.",Makako,T,,,,
Energy Keeper,Tech,Common,6 energy,0,5,"No Max Reduction, Battery Bearer",,,Android Sage,Can this be any more straightforward?,Murigen,T,,,,
Nanoarmor Conduit,Tech,Common,6 energy,0,3,Armor Conduit,,,Conduit,Even works against explosives.,Desaft,T,,,,
SEG-Fault,Tech,Common,6 energy,4,2,"Brittle, Defiler",,,Skeleton Android,The bane of any Archivist.,Desaft,T,,,,
Strong Phone,Tech,Common,6 energy,1,4,"Hefty, Fuse Cover",,,Worker,They were bought in bulk.,"Bluemem, Yoyo",T,,,,
Switch Latcher,Tech,Common,5 energy,2,1,LATCHER_Swapper,,Swap Latch Trait,Latcher,Has a strong will to change things.,News,T,,,,
Bolthound,Tech,Common,7 energy,2,3,"Guardian, Aquanaut",,,Canine Mechabeast Hound,A vicious and protective bucket of bolts.,Pixel Profligate,T,,,,
C-Diver,Tech,Common,6 energy,1,3,"Aquanaut, Armored",,,Worker Android,"Works deep, even deeper than the Dredger.",Pixel Profligate,T,,,,
Gamblobot,Tech,Uncommon,6 energy,X,1,Power Dice,,,Machine,Push your luck. What could go wrong?,Pixel Profligate,T,,,,
Gembound Ripper_t,Tech,Common,7 energy,3,1,Gem Dependent,,,Mage Bot,Relies solely on its power source.,NEWS,T,,T,,
Gunbot,Tech,Common,5 energy,4,1,"Warper, Target Required",,,Bot,Built for one singular function.,Pixel Profligate,T,,,,
Marine Bot,Tech,Common,2 max + 5 energy,2,2,"Sniper, Aquanaut",,,Bot,"Waterproof, but can't fire underwater.",NEWS,T,,,,
Technoripper,Tech,Common,1 max + 6 energy,3,1,Piercing,,,Android,A violent bot of claws and bullets.,Pixel Profligate,T,,,,
Core-v1d,Tech,Common,6 energy,1,3,Transformer,,,Mechabeast Avian,A metallic blight upon the skies.,News,T,,,,
Core-v1d_t,Tech,Common,6 energy,2,3,"Transformer, Airborne",,,Mechabeast Avian,A metallic blight upon the skies.,Pixel Profligate,,,,,
Middle Manager,Tech,Common,5 energy,0,3,Restructure,,Manager Trait,Worker,"Trust them, they'll do the managing.",Lesbian Pepsi,T,,,,
Steambot,Tech,Common,2 max + 5 energy,2,2,Armored,,,Android,"Once a fighter, always a fighter.",Pixel Profligate,T,,,,
Waste Devourer,Tech,Common,6 max,2,4,"Discharge, Poisonous",,,Machine Aberration,"Eats scrap, but creates lots of pollution.",News,T,,,,
Swapbot,Tech,Common,2 max + 7 energy,2,5,Swapper,,,Bot,Reconfigures itself to suit its mood.,Pixel Profligate,T,,,,
Double Gunner,Tech,Common,2 max + 6 energy,2,1,Bifurcated Strike,,,Android,"Twice the guns, twice the power.",Pixel Profligate,T,,,,
Gr1zz,Tech,Common,8 energy,0,4,Transformer,,,Mechabeast,"A true beast, replicated by machinery.",Pixel Profligate,T,,,,
Gr1zz_t,Tech,Common,8 energy,4,4,Transformer,,,Mechabeast,"A true beast, replicated by machinery.",News,,,,,
Gift Bot EX,Tech,Common,2 max + 5 energy,2,2,Generosity Bearer,,,Bot,Just one was never enough.,Murigen,T,,,,
Werewire,Tech,Common,2 max + 5 energy,4,2,"Piercing, Circuit Dependent",,,Mutant Android,It does not control itself anymore.,Murigen,T,,,,
0bs3rv3r,Tech,Common,2 max + 7 energy,1,4,"Sniper, All-Sight",,,Android,"Sees all it can, where it can.",Pixel Profligate,T,,,,
Security System,Tech,Common,2 max + 7 energy,0,4,"Offense Upgrade, Sentry",,,Pylon Conduit Machine,Makes its routine virus scan.,Murigen,T,,,,
Firewall,Tech,Common,1 max + 8 energy,1,5,"Burrower, Sharp Quills",,,Machine,Nothing gets through without permission.,Pixel Profligate,T,,,,
Johnny,Tech,Common,1 max + 7 energy,3,1,"Stinky, Aquanaut",,,Bot,"Surprisingly clean, as no one uses him.",Lesbian Pepsi,T,,,,
The Cube,Tech,Common,2 max + 7 energy,X,1,"Convalesce, CELL_Sharp Quills, Health Power",,,Pylon Machine,The Cube.,Murigen,T,,,,
Archiver,Tech,Uncommon,1 max + 6 energy,1,2,"Re-Index, Defiler",,,Android Cultist,An intelligence dedicated to sorting files.,Desaft,T,,,,
Archiver_t,Tech,Uncommon,6 energy + 1 max,1,2,"Dead Byte, Mighty Leap",,,Android Cultist,An intellegence dedicated to sorting files.,Desaft,,,,,
Bot Carrier,Tech,Uncommon,8 energy,2,3,Imprison,,,Possessed Android,Your constructs are safe with it.,Mark,T,,,,
Over-Technician,Tech,Uncommon,9 energy,1,3,"Attack Conduit, Turbocharge",,,Conduit Skeleton Android,"High voltage, high efficiency, high risk.",News,T,,,,
Cyber Wyrm,Tech,Common,2 max + 7 energy,3,2,"Firestarter, Sprinter",,,Skeleton Mechabeast,Made in the image of a drake.,News,T,,,,
Mecha Warrior,Tech,Common,3 max + 8 energy,2,3,"Double Strike, Warper",,,Android,An ultra high-power model.,Murigen,T,Assemblotron,,,
Supervisor,Tech,Common,12 energy,3,4,"Spotlight, Restructure",,,Worker Android,Prowls factories searching intruders.,Murigen,T,,,,
Steel Jaw,Tech,Common,3 max + 7 energy,1,4,"Bloodsucker, Raging Flames",,,Machine,You can't hold it back forever.,Murigen,T,,,,
Pon,Tech,Common,1 prism,1,1,Split Strike,,,Chess Bot,"Weak, but brimming with potential.",Desaft,T,,,,
Rooktank,Tech,Common,1 ruby + 1 emerald,1,6,"Iron Wall, Clinger",,,Chess Machine,The best offense is a good defense.,Desaft,T,,,,
Springknight,Tech,Common,1 emerald + 1 sapphire,2,3,"Inverted Strike, Rampager",,,Chess Android,That... doesn't look like a horse. At all.,Desaft,T,,,,
Exeskelemagbot,Tech,Uncommon,1 max,4,1,"Gem Dependent, Circuit Dependent",,,Skeleton Android Wizard,"It's not magic, it just needs extra juice.",Desaft,T,,,,
Hostage File,Tech,Uncommon,6 energy,4,4,"Death Sentence, Defiler",,,Bot,Best not let it die.,Pixel Profligate,T,,,,
Bad Fish,Tech,Common,5 energy,0,1,"Annoying, Brittle",,,Mechabeast Fish,Bad catch. An inefficient use of power.,Pixel Profligate,,More Fish,,,
More Fish,Tech,Uncommon,5 energy,1,1,Fish Bearer,,,Mechabeast Fish,Time to fish for greatness.,News,T,Good Fish,,,
Good Fish,Tech,Rare,5 energy,2,2,"Sentry, Sniper",,,Mechabeast Fish,Finally a good catch.,Merson,,,,,
B33n,Tech,Uncommon,4 energy,0,3,"Annoying, Cheerful",,,Android,Some machines do not need power.,Pixel Profligate,T,,,,
Pristine 3D Printer,Tech,Uncommon,4 energy,0,3,"Print Process, Frozen Away",Busted 3D Printer,,Noble Machine,Only a few of these left in existence.,News,T,,,,
C0pp3r-h34d,Tech,Uncommon,6 energy + 1 max,2,3,Transformer,,,Mechabeast Reptile,Provides a violent shock to the system.,News,T,,,,
C0pp3r-h34d_t,Tech,Uncommon,6 energy + 1 max,1,3,"Transformer, Touch of Death",,,Mechabeast Reptile,Provides a violent shock to the system.,Pixel Profligate,,,,,
Conveyor Bot,Tech,Uncommon,1 max + 4 energy,1,2,"Restructure, Haunter",,,Machine Bot,Efficiency demands motion.,Murigen,T,,,,
Leth-A-Latcher,Tech,Uncommon,5 energy,1,1,"Double Strike, LATCHER_Touch of Death",,,Latcher,"A ferocious bot, empowering others.",Pixel Profligate,T,,,,
Gems Conduit,Tech,Uncommon,10 energy,0,5,"Gem Conduit, Prism Gem",,,Mox Conduit,A device that turns electricity into magic.,Mark,T,,,,
Blood Bank,Tech,Uncommon,6 energy,1,2,"Bloodsucker, Life Donor, Sprinter",,,Machine,Blood is a resource and commodity.,Desaft,T,,,,
E1337bot,Tech,Uncommon,1 max + 7 energy,1,3,"Mighty Leap, Leep Leader",,,Leep Pirate,Takes problems into its own hands.,Murigen,T,L33pbot NEO,,,
8r4zen Hot 4ir,Tech,Uncommon,1 max + 6 energy,3,3,"Rampager, Burning",,,Hooved Mechabeast,Little to nothing is left in their wake.,News,T,,,,
Photo Drone,Tech,Uncommon,2 max + 5 energy,1,1,"Head Shot, Touch of Death, Airborne",,,Bot,Smile.,Murigen,T,,,,
Magnethead,Tech,Uncommon,2 max + 5 energy,2,1,"Piercing, Looter",,,Bot,Gathers up scrap through brute force.,Murigen,T,,,,
Acid Squirrel,Tech,Uncommon,6 energy,0,1,Unkillable,,,Mechabeast Cyborg Vermin,"It uses... I dunno, quantum mechanics?",Murigen,T,,,,
Very Big L33pbot,Tech,Uncommon,2 max + 9 energy,1,5,"Mighty Leap, Sentry, Poisonous",,,Leep,"Clunky, inefficient, and reeks of fumes.",Murigen,T,,,,
Bishobot,Tech,Common,1 sapphire + 1 ruby,3,1,"Spiritual Persistance, Split Strike",,,Chess Mox,Fine tuned to the spiritual world.,Desaft,T,,,,
_t,Tech,Rare,free,0,1,,,"Make-a-Bot 1, Make-a-Bot 2",Bot,Instructions sold seperately.,News,T,,,,
Plasma Jimmy,Tech,Rare,2 energy,0,3,Head Shot,,,Bot,"Shoots on command, without hesitation.",Pixel Profligate,T,,,,
Amoebot,Tech,Rare,3 energy,1,1,Amorphous,,Amoebot Trait,Bot Leep,Adapts and reforms as needed.,Pixel Profligate,T,,,,
Borg Poly-worg,Tech,Rare,5 energy,1,3,"Mighty Leap, Leep Legion",,,Amphibian Android,Frog. Frog. Frog. Frog.,Pixel Profligate,T,,,,
Goranj's Vessel,Tech,Rare,3 max,0,1,"Green Gem, Orange Gem",,,Mox Machine,Bound in service.,Desaft,T,,T,,
Orlu's Vessel,Tech,Rare,2 max,0,1,"Orange Gem, Blue Gem",,,Mox Machine,Cage the beast.,Desaft,T,,T,,
Bleene's Vessel,Tech,Rare,2 max,0,1,"Blue Gem, Green Gem",,,Mox Machine,Focus the mind.,Desaft,T,,T,,
Energy Conduit,Tech,Rare,3 energy,1,2,"Energy Conduit, Generator",,,Conduit,Infinite power at your fingertips.,Pixel Profligate,T,,,,
Curve Hopper,Tech,Rare,4 energy,2,3,,,,Silly Android,Statistically very powerful for its cost.,Pixel Profligate,T,,,,
Demortifier,Tech,Rare,4 max,2,2,"Double Death, Defiler",,,Android Skeleton Cultist,"Brings them back, but not for long.",News,T,,,,
Mox Module,Tech,Rare,6 max,0,3,"Magnificent Gem, Airborne",,,Mox Machine,"Grimy, but the gems work anyway.",Pixel Profligate,T,,T,,
Ourobot,Tech,Rare,6 energy,2,2,"Transformer, Lingering",,,Mechabeast Reptile,"The eternal android, unyielding by design.",Pixel Profligate,T,,,,
Ourobot_t,Tech,Rare,6 energy,2,2,"Transformer, Unkillable",,,Mechabeast Reptile,"The eternal android, unyielding by design.",Pixel Profligate,,,,,
Overclock Conduit,Tech,Rare,6 energy,0,2,"Overclock Conduit, Overclocked",,,Conduit,"Infinite power, itty bitty circuit space.",Desaft,T,,,,
Sgt. T. Rustbucket III,Tech,Rare,5 energy,1,2,"Legion, Spotlight",,,Android,Has got quite the portfolio.,Murigen,T,,,,
Shutterbug,Tech,Rare,7 energy,1,1,"Sentry, Touch of Death",,,Machine,One photo to capture your last moment.,"Pixel Profligate, Blakeline",T,,,,
L33pbot NEO,Tech,Rare,7 energy,2,3,"Airborne, Leep Leader",,,Noble Leep,The strongest springs.,Murigen,T,,,,
Mrs. Bomb,Tech,Rare,5 energy,1,2,Bomb Spewer,,Mrs Bomb Trait,Android,"A bombshell, through and through.",Pixel Profligate,T,,,,
The Hooligans,Tech,Rare,8 energy,2,1,"Counter Strike, Assimilator",,,Outlaw Worker,They are going to beat you to death.,Lesbian Pepsi,T,,,,
Quickdraw Bot,Tech,Rare,3 max + 7 energy,2,2,"Sniper, Touch of Death",,Quickdraw Trait,Android Outlaw,Its internal clock is set to high noon.,Desaft,T,,,,
Titanium Titan,Tech,Rare,12 energy,0,7,"Made of Stone, Overcharge",,,Android,A perfect weapon of mass destruction.,PaperPyro,T,,,,
The Mechanism,Tech,Rare,4 max + 8 energy,0,4,"Overpower, Death Sentence",,,Pylon Machine,The solution/cause to all your problems.,Murigen,T,,,,
Assemblotron,Tech,Rare,3 blood + asterisk,2,3,Transformation,,Material Diet,Android,"Together, we are might!",Murigen,T,,,,
Dredger,Tech,Talking,4 energy,1,3,"Snag, Discharge",,,Android Worker,"""Oi, lookit. I'm somefin' uv a card.""",Pixel Profligate,,,,,
Inspector,Tech,Talking,4 energy,1,2,Hoarder,,,Conduit Android Worker,"""I suppose your deck is adequate.""",Pixel Profligate,,,,,
Maintenance Droid,Tech,Talking,2 max + 6 energy,1,3,Hotfix,,,Worker Android,"""Doesn't matter. I'll just make it again.""",Answearing Machine,,,,,
Melter,Tech,Talking,5 energy,2,3,"Frozen Away, Firestarter",M34t Bot,,Possessed Android Worker,"""WE ARE-- I am... a good card.""",Pixel Profligate,,,,,
Engineer,Tech,Talking,6 energy,2,2,"Assembly, Swapper",,,Android Worker Bot,"""Every bot has a purpose, for me.""","News, Blakeline",,,,,
Holo-Trader,Tech,Talking,6 energy,1,3,"B34st Tamer, Mech Builder",,,,"""The true beasts are no more.""",Pixel Profligate,,,,,
Blue Bot,Tech,Talking,1 max + 6 energy,X,3,"Snake Eyes, Dice Power",,,Android,"""I have a 1 in 36 chance of being meta!""",Bluemem,,,,,
Steven,Tech,Talking,1 max + 7 energy,2,2,"Attack Conduit, Haunter",,,Noble Worker,"""Oh, and employee? You're Fired.""",Murigen,,,,,
Bolt Van Tankski,Tech,Talking,1 max + 10 energy,2,6,"Airborne, Swapper",,,Outlaw Android,"""Bolt Van Tankski reporting for duty.""",Murigen,,,,,
Cyber Hero,Tech,Talking,2 max + 8 energy,1,3,"Trifurcated Strike, Transformer",,,Android,"""I've got it all, and then some!""",Murigen,,,,,
Cyber Hero_t,Tech,Talking,2 max + 8 energy,1,3,"Trifurcated Strike, Transformer, Sniper",,,Android,"""I've got it all, and then some!""",Murigen,,,,,
Emerald Mox,Magick,Side Deck,free,0,1,"Green Gem, Bloodless",,,Mox,A conduit for magicks of the body.,Pixel Profligate,,Altar of Malachite,,,
Ruby Mox,Magick,Side Deck,free,0,1,"Orange Gem, Bloodless",,,Mox,A conduit for magicks of the soul.,Pixel Profligate,,Altar of Citrine,,,
Sapphire Mox,Magick,Side Deck,free,0,1,"Blue Gem, Bloodless",,,Mox,A conduit for magicks of the mind.,Pixel Profligate,,Altar of Azurite,,,
Mage Pupil,Magick,Common,free,1,1,Gem Dependent,,,Mage,A new learner of magicks.,Pixel Profligate,T,Spell Slinger,,,
Prism Mox,Magick,Common,free,0,1,"Prism Gem, Bloodless",,,Mox,A powerful conduit for all magicks.,Pixel Profligate,T,,,,
Trick Rabbit,Magick,Common,free,0,1,Gem Bearer,,,Vermin,There might be something else in the hat.,NEWS,,,,,
Mirror Mage,Magick,Common,1 prism,X,2,Facsimile,,,Sage,A pure reflection of one's own flaws.,Pixel Profligate,T,,,,
Spell Slinger,Magick,Common,1 prism,1,1,"Gem Dependent, Sniper",,,Mage,Adept at casting spells from a distance.,Pixel Profligate,T,Magic Missiler,,,
Stasis Mage,Magick,Common,1 prism,0,1,"LATCHER_Gem Linked, Frozen Away, Bloodless",Spell Slinger,,Mage,Has time to reconsider their study field.,Pixel Profligate,T,,,,
Antimagician,Magick,Common,1 shattered prism,2,2,"Purist, Gem Dependent",,,Magician Wizard,Some magicks simply must be stopped.,Pixel Profligate,T,,,,
Erratic Scholar,Magick,Common,1 prism,1,1,Mox Dropper,,,Mage,Constantly losing their own research.,Pixel Profligate,T,,,,
Hat Head,Magick,Common,1 shattered prism,1,1,Gift Bearer,,,Mage,Someone is hiding underneath that hat...,News,T,,,,
Spade Sage,Magick,Common,1 prism,0,2,Necromancy,,,Sage,Digging up bones of long gone mages.,???,T,,,,
Scord Wizard,Magick,Common,2 prisms + asterisk,3,2,,,Diamond Cost,Outlaw Wizard,This one's magick is more... physical.,News,T,,,,
White Mage,Magick,Common,2 prisms,0,2,Overcoat,,,Mage,They have risen above all colors.,News,T,,,,
Hovering Cultist,Magick,Common,2 shattered prisms,2,3,Ritual,,,Cultist,"Old arts of magicks, in form of blood.",Mark,T,,,,
Hovering Cultist_t,Magick,Common,2 shattered prisms,2,3,"Ritual, Airborne",,,Cultist,"Old arts of magicks, in form of blood.",Mark,,,,,
Berdo Bardo,Magick,Uncommon,3 prisms,2,7,"Airborne, Mighty Leap",,,Sage,He outdid even his master's style.,News,T,,,,
Revelation Mox,Magick,Uncommon,1 shattered prism,0,3,"Prism Gem, Spotlight, Bloodless",,,Mox Pylon,Follow the beacon.,News,T,,,,
Gelumagus,Magick,Uncommon,1 prism,1,1,"Frigid Winds, Gem Dependent",,,Aberration Magician,They learn from the chilling squall.,News,T,,,,
Magic Missiler,Magick,Uncommon,2 prisms,1,1,"Trifurcated Strike, Sniper, Brittle",,,,A well-known incantation.,Murigen,T,,,,
Magoeba,Magick,Rare,1 prism,2,2,"Amorphous, Gem Dependent",,,Mage,Suited for any and all types of magic.,News,T,,,,
Prism Obelisk,Magick,Rare,2 shattered prisms,0,3,"Prism Gem, Prism Gem, Bloodless",,,Ancient Mox Pylon,An ancient monument to old magicks.,Pixel Profligate,T,Magnus Mox,,,
Grand Astrologer,Magick,Rare,2 prisms + asterisk,1,4,"Event Horizon, All-Sight",,Diamond Cost,Aberration Wizard,"They see all, as it is bare before them.",Pixel Profligate,T,,,,
Flawless Clockwork,Magick,Rare,3 prisms,0,6,"Bell Ringer, Bastion, Bloodless",,,Noble Mox Construct,An immaculate construct of perfect mox.,Pixel Profligate,T,,,,
Brush Mage,Magick,Talking,1 prism,1,1,Magickal Bleach,,,Mage,"""Lemme give that a new coat of paint!""",Pixel Profligate,,,,,
Faberg Frog,Magick,Common,1 emerald,1,3,"Mighty Leap, Familiar",,,Mox Amphibian Mage,A small agent of small magicks.,Pixel Profligate,T,,,,
Gloom Virtuoso,Magick,Common,1 emerald,1,1,Glooming Dust,,,Polyp Wizard,"Saddening, artistic talent put to war.",Murigen,T,,,,
Drowsy Mage,Magick,Common,1 shattered prism,1,1,,,,Mage,Gems help it stay awake.,"Lesbian Pepsi, Mark",T,,T,,
Evergreen Mox,Magick,Common,1 shattered emerald,0,1,"Green Gem, Convalesce, Bloodless",,,Mox,Takes a lot to stunt its growth.,NEWS,T,,,,
Gourmage,Magick,Common,1 emerald,0,2,"Enlarge, Rotting",,,Zombie Mage,"Engorged, driven by only hunger.",Pixel Profligate,T,,,,
Green Mage,Magick,Common,1 emerald,X,2,Gem Powered,,,Mage,They are powered directly by gems.,Pixel Profligate,T,,,,
Jade Automata,Magick,Common,1 emerald,1,1,"LATCHER_Green Gem, Bloodless",,,Mox Construct,A hardy construct fueled by mox.,Pixel Profligate,T,,,,
Junior Sage,Magick,Common,1 emerald,1,2,,,,Sage,A new learner of the body's magicks.,Pixel Profligate,T,Senior Sage,,,
Slim Mage,Magick,Common,1 emerald,0,2,"Transformer, Hefty",,,Mage,Not quite the power they wished for...,Mark,T,,,,
Muscle Mage,Magick,Common,1 emerald,2,2,"Transformer, Hefty",,,Mage,Just loves to push people around.,Pixel Profligate,,,,,
Ritualist,Magick,Common,1 emerald,1,1,Invigorate,,,Mage Cultist,"The blade is mercy, don't let it be in vain.",NEWS,T,,,,
Shade Soul,Magick,Common,1 emerald,0,2,Dust Gatherer,,,Mage Spectre,They rekindle magickal remnants.,Murigen,T,,,,
Star Pupil,Magick,Common,1 shattered emerald,1,2,"Gem Dependent, Fledgling",Mage Council,,Wizard,An aspiring student to keep an eye on.,News,T,Mage Council,,,
Stim Mage,Magick,Common,1 emerald,0,2,Stimulate,,,Mage,Can push themselves beyond their limits.,Pixel Profligate,T,,,,
Tenebrose Vessel,Magick,Common,1 shattered emerald,1,2,Body of Dust,,,Aberration Mox,A faithful provider of their own body.,Murigen,T,,,,
Twilight Magus,Magick,Common,2 emeralds,0,2,Sparkling Dust,,,Mage,Wells of power sleep in fragments.,syntaxevasion,T,,,,
Corpsebloom Overgrowth,Magick,Common,2 emeralds,1,2,"Stinky, RAINBOW, Fledgling",Terror of Verdure,,Flower Aberration,This is not even its final form.,Murigen,T,Terror of Verdure,,,
Druid,Magick,Common,1 emerald + 1 prism,1,1,"Lifeblood, Heart of Dust",,,Sage,Magic is the heart of nature.,Murigen,T,,,,
Senior Sage,Magick,Common,1 emerald + 1 prism,1,2,,,Double Stat Trait,Noble Sage,Here to welcome the new generation.,Murigen,T,,,,
Splitmind Maniac,Magick,Common,1 sapphire + 1 emerald,1,3,"Split Strike, Double Strike",,,Aberration Wizard,Fractured and maddened by the unknown.,Murigen,T,,,,
Crystalline Carrier,Magick,Common,2 prisms + 1 emerald,X,3,"Fragment Hoard, Gem Powered",,,Corrupted,Magick brought them to life.,Murigen,T,,,,
Garish Geode,Magick,Common,1 shattered emerald,0,2,"Malachite Gem, Fragment Hoard, Bloodless",,,Mox,A formation high in magickal power.,Murigen,T,,,,
Umbral Servant,Magick,Common,1 sapphire,0,1,"Familiar, Dust Fueled",,,Aberration Sage,Hardly stands on its own.,Herilind,T,,,,
Fleeting Conjuror,Magick,Common,1 sapphire + 1 prism,X,1,"Double Strike, Brittle, Gem Powered",,,Wizard Spectre,Powerful magick in a fleeting form.,Pixel Profligate,T,,,,
Stygian Mox,Magick,Common,1 shattered sapphire,0,2,"Blue Gem, LATCHER_Overclocked, Bloodless",,,Mox,The burden of delving beyond the known.,News,T,,,,
Apoethis' Gale,Magick,Common,1 prism + 2 shattered emeralds,2,4,"Rampager, Opportunist",,,Avian Reptile Aberration,One of many forms to bring havoc.,News,T,,,,
Gold Buster,Magick,Common,2 prisms + 1 asterisk,2,4,,,Diamond Cost,Noble Sage,Pure gold never rusts.,News,T,,,,
Alchemist,Magick,Uncommon,1 emerald,0,2,"Transmogutate, RAINBOW, Lifeblood",,,Wizard,Recklessly practices transmutation.,Murigen,T,,,,
Enchanter,Magick,Uncommon,2 rubies,0,1,"Leader, Gem Animator",,,Wizard,Not one for working alone.,Pixel Profligate,T,,,,
Moglee,Magick,Uncommon,1 prism + 1 emerald,0,3,"Whimsical Healer, Convalesce, Annoying",,,,A small and cute spellcaster goblin.,Pixel Profligate,T,,,,
Mage Council,Magick,Uncommon,1 emeralds + 1 shattered emerald + 1 prism,2,2,Assimilator,,,Wizard,"Forever growing, but at what cost?",News,T,Grand Astrologer,,,
Terror of Verdure,Magick,Uncommon,4 emeralds,2,5,"Snag, Resentful",,,Flower Aberration,The might of the jungle has awoken.,Murigen,T,,,,
Maniacal Martialist,Magick,Uncommon,1 ruby + 1 sapphire,1,2,"Evasion, Dust Power",,,Outlaw Sage,The frenzy of a newfound might.,"Desaft, Murigen",T,,,,
Minotaur,Magick,Uncommon,1 emerald + 1 ruby,1,4,"Bloodlust, Rampager",,,Cryptid Hooved Knight,It is not trapped with you.,News,T,,,,
Folding Weaver,Magick,Rare,1 shattered emerald + 1 shattered prism,1,3,Infinifold,,,Wizard Wizard Wizard Wizard Wizard Wizard,"A self similar magick, honed to infinity.",Bluemem,T,,,,
Green Archmagus,Magick,Rare,2 emeralds,1,3,Dooming Dust,,,Demon Wizard,All things good must end...,Herilind,T,,,,
Skulking Valravn,Magick,Rare,3 emeralds,0,3,"Dust Power, Double Death",,,Corrupted Avian,It feasts on broken relics.,Pixel Profligate,T,,,,
Masked Gemhorror,Magick,Rare,2 emerald + 1 prism,X,2,"Bifurcated Strike, Dust Eater, Gem Powered",,,Aberration,"Frail, but powerful beyond belief.",Desaft,T,,,,
Void Maw,Magick,Rare,2 shattered prisms + asterisk,1,6,"Burrower, Black Hole",,Diamond Cost,Aberration,The all-consuming terror from the abyss.,News,T,,,,
Grand Transmuter,Magick,Rare,1 emerald,1,2,"Green Gem, LATCHER_Prism Gem",,,Corrupted Mox Mage,"Their greatest work, themselves.",Herilind,T,,,,
Umbral Puppeteer,Magick,Rare,1 shattered sapphire,0,3,Illusion Dust,,Umbral Trait,Demon Mage,Their servants are lucky to have them.,Herilind,T,,,,
Puppet Mage,Magick,Talking,2 emeralds,2,2,"Touch of Death, Soul Stealer, Bloodless",,,Possessed Mage,"""I am powerless to do anything...""",Pixel Profligate,,,,,
Slime Mage,Magick,Talking,1 emerald,1,1,"Imitation Art, Gooey",,,Mage,"""AARRGH! I'll try my best!""",Pixel Profligate,,,,,
Ambush Mage,Magick,Common,1 ruby,1,1,Opportunist,,,Outlaw,This attack could have been predicted.,Murigen,T,,,,
Gem Detonator,Magick,Common,1 ruby,1,1,Gem Detonator,,,Mage Outlaw,A rebel among the ranks.,Murigen,T,,,,
Gem Doctor,Magick,Common,1 ruby,0,3,Reinforce,,,Sage,Still practices with healing crystals.,Murigen,T,,,,
Jester,Magick,Common,1 shattered emerald,2,1,"Gem Binding, Mighty Leap",,,,A wicked puppeteer of the arcane.,Murigen,T,,,,
Lil' Frog_t,Magick,Common,1 ruby,0,2,"Gem Intercept, Mighty Leap",,,Amphibian Mage,An even smaller agent of magicks.,Pixel Profligate,,,,,
Mage Knight,Magick,Common,1 ruby,1,2,"Gem Dependent, Ironclad",,,Mage Knight,Ever stalwart in the face of challenge.,Pixel Profligate,T,Exalted Warden,,,
Orange Mage,Magick,Common,1 ruby,0,1,Gem Animator,,,Mage,"With practice, even mox have potential.",Pixel Profligate,T,,,,
Practice Wizard,Magick,Common,1 ruby,0,3,Taunt,,,Wizard Construct,"Good for getting hit, but not much else.",Pixel Profligate,T,,,,
Resolute Gemsmith,Magick,Common,1 ruby,0,4,Gem Intercept,,,Worker Mage,An expert jeweler.,Mark,T,,,,
Ruby Golem,Magick,Common,1 ruby,1,1,"Ruby Heart, Bloodless",,,Mox Construct,A hulking construct driven by mox.,Pixel Profligate,T,,,,
Spike Mage,Magick,Common,1 ruby,0,2,Gem Instability,,,Mage Outlaw,Some mox magicks can be very unstable.,Murigen,T,,,,
Telekinetic,Magick,Common,1 ruby,1,1,Restructure,,,Mage,Summoned when a formation is broken.,Murigen,T,,,,
Wisp,Magick,Common,1 ruby,0,1,Soul Strike,,,Mox Spectre,"Without form, but not without will.",Murigen,T,,,,
Blaze Burner,Magick,Common,1 ruby + 1 prism,2,1,"Firestarter, RAINBOW, Sniper",,,Sage,Fire Magic is easy but hard to control.,News,T,,,,
Exalted Warden,Magick,Common,1 ruby + 1 prism,1,3,"Snag, RAINBOW, Ironclad",,,Wizard Knight,Stopping awry magicks is quite a feat.,Murigen,T,Enigmatic Paladin,,,
Tamer Toad,Magick,Common,1 ruby + 1 emerald,1,3,"Truest Patron, RAINBOW, Gem Animator",,,Amphibian Sage,"The magic of beasts, the beast of magic.",Desaft,T,,,,
Guardian Mage,Magick,Common,1 ruby,1,1,Gem Guardian,,,Mage,Protective of what fuels their magic.,Pixel Profligate,T,,,,
Magical Mercenary,Magick,Common,1 ruby + 1 emerald,X,1,"Gem Powered, Armored, Enhanced Arcane",,,Outlaw Knight,Good pay means good work.,News,T,,,,
Monolith Mox,Magick,Common,1 shattered ruby,0,3,"Orange Gem, Sniper, Bloodless",,,Mox,Too late hiding if you see it from afar.,NEWS,T,,,,
Mox Mage,Magick,Common,1 shattered ruby,1,2,Orange Gem,,,Mox Mage,A mox gained form... how curious.,Pixel Profligate,T,,,,
Basilisk,Magick,Common,1 emerald + 1 ruby,2,4,"Familiar, Petrifying Gaze",,,Cryptid Reptile,Don't look it in the eyes. It'll go away.,Murigen,T,,,,
Spellsword Mercenary,Magick,Common,1 ruby + 1 prism,1,2,"Soul Strike, Enhanced Arcane",,,Possessed Knight,A proud knight's honor never dies.,Murigen,T,,,,
Hither Witch,Magick,Uncommon,1 ruby,0,1,"Absorption, Raging Flames",,,Cultist,The flames will take her out.,Mark,T,,,,
Maw Mage,Magick,Uncommon,1 ruby,1,2,Bloodlust,,,Flower Mage,Photosynthesis was too inefficient.,Pixel Profligate,T,,,,
Summon Sword,Magick,Uncommon,1 ruby,2,1,"Piercing, Familiar, Bloodless",,,Possessed,A blade born from the brainchild.,News,,,,,
Summon Shield,Magick,Uncommon,1 ruby,0,3,"Armored, Familiar, Bloodless",,,Possessed,A magic shield formed from a genius.,News,,,,,
Gem Banneret,Magick,Uncommon,1 ruby + 1 prism,1,2,Whimsical Leader,,,Wizard Knight,Rallying the inanimate into a fervour.,Pixel Profligate,T,,,,
Punchy Prank,Magick,Common,1 ruby,2,1,"Counter Strike, Target Required",,,Machine,Only a fool would get hit twice.,News,T,,,,
Enigmatic Paladin,Magick,Rare,1 ruby + 1 prism,2,2,"RAINBOW, Repulsive",,Paladin Trait,Sage Knight,"An impenetrable defense, when empowered.",Pixel Profligate,T,,,,
Knight of Amber,Magick,Rare,1 ruby + 1 prism,1,4,"Made of Stone, Dust Barrier",,,Aberration Knight,"Sworn to protect, for all eternity.",Pixel Profligate,T,,,,
Orange Archmagus,Magick,Rare,2 rubies,1,2,"Gem Animator, Gemorphosis",,,Possessed Sage,Can lead even the inanimate to win wars.,Desaft,T,,,,
Grand Machinist,Magick,Rare,2 rubies + 1 prism,1,3,"Gem Animator, Gem Instability, Gem Greed",,,Wizard,A paragon of gem augmentation.,Murigen,T,,,,
Odious Sovereign,Magick,Rare,3 rubies,2,5,"Gem Greed, RAINBOW, Leader",,,Corrupted Noble,Hungry for riches and power.,Murigen,T,,,,
Chandrelle,Magick,Talking,2 rubies,1,2,"Arcane Blessing, Amorphous",,,Corrupted Wizard,"""Not quite the unknown I was expecting.""",Pixel Profligate,,,,,
Pike Sage,Magick,Talking,1 ruby,1,2,"Gem Animator, Empaling",,,Knight Sage,"""Ideally, you will play me well.""",Pixel Profligate,,,,,
Blue Mage,Magick,Common,1 sapphire,0,1,Mental Gemnastics,,,Mage,Creation is a powerful tool.,Pixel Profligate,T,,,,
Bullfrog_t,Magick,Common,1 sapphire,0,3,"Blue Gem, Mighty Leap",,,Mox Amphibian Sage,Now holding a small amount of magic.,Pixel Profligate,,,,,
Electric Apprentice,Magick,Uncommon,1 sapphire,1,2,"Dust Charge, Sprinter",,,Bot Mage,Even objects can learn magicks.,Mark,T,,,,
Faterender,Magick,Uncommon,1 sapphire,1,1,"Snag, RAINBOW, Repulsive",,,Corrupted Wizard,Your fate is sealed. Forever trapped.,Murigen,T,,,,
Resorcerer,Magick,Uncommon,2 sapphires,1,2,"Double Strike, Reaction Replica",,,Corrupted Wizard,Never content with casting a spell once.,Murigen,T,,,,
Gem Fiend,Magick,Common,1 sapphire,2,1,Gem Dependent,,,Corrupted Sage,"Ravenous, driven mad by the gems.",Pixel Profligate,T,,,,
Gloobington III,Magick,Common,1 sapphire,1,2,"Purist, Familiar",,,Silly Squimpborne Mage,Turned away from his brother's evils.,Mark,T,,,,
Hover Mage,Magick,Common,1 sapphire,1,2,Airborne,,,Mage,"Flight is challenging, but useful.",Pixel Profligate,T,,,,
Lazuli Construct,Magick,Common,1 sapphire,1,1,"Lapis Holder, Bloodless",,,Mox Construct,"An intricate construct, driven by mox.",Pixel Profligate,T,,,,
Magickant,Magick,Common,1 ruby,X,1,"Colony, Sniper, Familiar",,,Ant Insect Magician,It has learned the summoner's ways.,Desaft,T,Ant Queen,,,
Party Magician,Magick,Common,1 sapphire,1,1,Rabbit Hole,Trick Rabbit,,Magician,"Nothing spectacular, but entertaining.",Pixel Profligate,T,,,,
Spell Counter,Magick,Common,1 shattered sapphire,1,1,"Sentry, Tackle",,,Wizard,Knowledge is power.,Murigen,T,,,,
Soothsayer,Magick,Common,1 sapphire,1,3,"Divination, Gem Dependent",,,Sage Magician,"Can see the future, but not change it.",Pixel Profligate,T,,,,
Trotting Fox,Magick,Common,2 rubies,1,4,"Gem Animator, Familiar",,,Canine Mage,Some say you can hear it recite spells.,Pixel Profligate,T,,,,
Summoner's Rift,Magick,Common,1 prism,0,2,Wild Reshape,,,Aberration,Only the fates know what will emerge.,"Murigen, News",T,,,,
Arcane Trickster,Magick,Common,1 shattered sapphire,X,1,"Sniper, Facsimile",,,Outlaw Magician,A deadly master of sleight of hand.,Murigen,T,,,,
Bauble Burglar,Magick,Common,1 shattered sapphire,1,1,"Side Hustle, RAINBOW, Sniper",,,Outlaw Mage,Snatches goods with insane precision.,Murigen,T,,,,
Soul Summoner,Magick,Common,1 shattered ruby,1,1,Regurgitate,,,Sage,Can conjure minions at will.,News,T,,,,
Windswept Wanderer,Magick,Common,1 shattered sapphire,0,3,"Gem Dependent, Frozen Away",Apoethis' Gale,Windswept Trait,Avian Wizard,His secret will blow you away.,News,T,Apoethis' Gale,,,
Heartflayer,Magick,Common,1 blood,X,1,traeH Power,,,Corrupted Magician,Armed with perfect knowledge of its foe.,Murigen,T,,,,
Fortune Teller,Magick,Common,1 sapphire + 1 prism,0,4,"Blue Gem, RAINBOW, All-Sight",,,Mox Wizard,Do you wish to know your fate?,Desaft,T,,,,
Opulent Hoodlum,Magick,Common,1 shattered sapphire,0,4,Gem Greed,,,Outlaw Mox Wizard,A purveyor of dark-market crystals.,Murigen,T,,,,
Solemn Arcanist,Magick,Common,1 sapphire + 1 shattered prism,1,2,Arcane Blessing,,,Corrupted Sage,He sees magicks as crucial for triumph.,Murigen,T,,,,
Ardent Intellectual,Magick,Common,1 emerald + 1 sapphire,2,2,"Arcane Echo, LATCHER_Purist",,,Sage,His success comes from copying others.,Murigen,T,,,,
Clandestine Swindler,Magick,Common,1 sapphire + 1 ruby,1,2,"Bifurcated Strike, RAINBOW, Looter",,,Outlaw,Flawless crimes lead to opportunities.,Murigen,T,,,,
Gembound Ripper,Magick,Common,1 shattered sapphire + 1 shattered prism,4,4,Gem Dependent,,,Aberration,A lust for gems and for blood.,Pixel Profligate,T,,,,
Dizzy Mage,Magick,Common,2 sapphires,1,3,"Confused Strike, Rampager",,,Mage Aberration,This one's exam was quite twisted.,Pixel Profligate,T,,,,
Force Mage,Magick,Common,1 sapphire,0,1,Repulsive,,,Mage,Repelling the greatest of assaults.,Pixel Profligate,T,,,,
Old Hag,Magick,Common,2 sapphires,3,1,"Corpse Eater, Gem Dependent",,,Corrupted Wizard,Rambles on incorrect spell recitations.,Murigen,T,Older Hag,,,
Deux Wielder,Magick,Common,1 sapphire + 1 ruby,1,2,"Double Strike, Sniper",,,Knight Sage,"Blind, yes, but devastatingly precise.",News,T,,,,
Possessed Sage,Magick,Uncommon,1 ruby + 1 sapphire,2,2,"Frozen Away, Gem Dependent",Fleeting Conjuror,,Possessed Sage,Their will was consumed by the gems.,Desaft,T,,,,
Wildfrost Drake,Magick,Uncommon,1 shattered sapphire,3,4,"Familiar, Gem Dependent, Airborne",,,Corrupted Reptile,"Adept, but troublesome to keep contained.",Murigen,T,,,,
Book Burner,Magick,Uncommon,1 emerald + 1 sapphire,1,4,"Firey Rummage, Burning",,,Wizard Cultist,Revealed secrets are theirs to keep.,Pixel Profligate,T,,,,
All-Seeing Oracle,Magick,Rare,3 sapphires,1,4,Prophecy,,,Noble Sage,Fate has been subdued to their will.,Herilind,T,,,,
Hourglass Sycophant,Magick,Rare,1 shattered sapphire,1,3,"Time Loop, Reaction Replica, Arcane Echo",,,Corrupted Wizard,An unmatched master in time.,Murigen,T,,,,
Brogg Polliwog,Magick,Rare,1 sapphire + 1 prism,1,3,"Mighty Leap, Frog Friend",,,Amphibian Sage,A wondrous friend to all frog kind.,Pixel Profligate,T,,,,
Blue Archmagus,Magick,Rare,2 shattered sapphires,3,3,"Mental Fortitude, Gem Dependent",,,Skeleton Mage,"Aeons, spent learning the mystifying...",Desaft,T,,,,
Lonely Wizard,Magick,Talking,1 sapphire,1,2,"Clinger, Stimulate",,,Wizard,"""YES! PLAY ME! STIMULATE ME!""",News,,,,,
Thief Mage,Magick,Talking,2 sapphires,1,3,"Looter, Side Hustle",,,Outlaw Mage,"""So... a little help?""",Murigen,,,,,
Bleene's Hound,Magick,Common,1 sapphire + 1 emerald,2,3,"Guardian, RAINBOW, Gem Greed",,,Canine Noble Hound,A very loyal magickal companion.,News,T,,,,
Chimera Warden,Magick,Uncommon,1 emerald + 1 ruby,2,2,"Heart of Dust, RAINBOW, Gem Animator",,,Hooved Reptile Avian Knight,"A hybrid, loyal and fierce to a fault.",Murigen,T,,,,
Skyborne Soldier,Magick,Common,1 ruby + 1 sapphire,2,3,"Sprinter, RAINBOW, Airborne",,,Knight,The utmost dedication to duty.,Pixel Profligate,T,,,,
Mysterious Merchant,Magick,Uncommon,1 emerald + 1 sapphire,1,3,"Trinket Bearer, Cull Out",,,Sage,Browse his wares for oddities.,Murigen,T,,,,
Goranj's Mox,Magick,Rare,1 shattered prism,0,2,"Green Gem, Orange Gem, Bloodless",,,Mox,Created by Goranj to strengthen them.,Pixel Profligate,T,Magnus Mox,,,
Orlu's Mox,Magick,Rare,1 shattered prism,0,2,"Orange Gem, Blue Gem, Bloodless",,,Mox,Created by Orlu to focus her will.,Pixel Profligate,T,Magnus Mox,,,
Bleene's Mox,Magick,Rare,1 shattered prism,0,2,"Blue Gem, Green Gem, Bloodless",,,Mox,Created by Bleene to harness his insight.,Pixel Profligate,T,Magnus Mox,,,
Master Goranj,Magick,Rare,1 emerald + 1 ruby,3,6,Gem Dependent,,Goranj Trait,Wizard,"Admittedly, more brute than wizard.",Pixel Profligate,T,,,,
Master Orlu,Magick,Rare,1 ruby + 1 sapphire,1,3,"Airborne, Looter",,,Knight,"Fight or flight? Why, both are ideal.",Pixel Profligate,T,,,,
Master Bleene,Magick,Rare,1 sapphire + 1 emerald,0,4,True Scholar,,,Sage,"Creation's master, a life for a life.",Pixel Profligate,T,,,,
Magnus Mox,Magick,Rare,3 shattered prisms,0,9,"Magnificent Gem, Made of Stone, Bloodless",,,Noble Mox,A conduit for truly grand magicks.,Desaft,T,,,,
Umbral Wealth Cabal,Magick,Rare,1 emerald + 1 ruby + 1 sapphire,3,3,"Head Shot, Tactical Nuke, Magical Scraps",,,Wizard Outlaw,They love casting spells.,Murigen,T,,,,
Altar of Malachite,Magick,Common,1 blood,0,3,Green Gem,,,Mox Altar,Reinforced with the might of the body.,Murigen,T,,,,
Altar of Citrine,Magick,Common,1 blood,0,3,Orange Gem,,,Mox Altar,Made with the dedication of the soul.,Murigen,T,,,,
Altar of Azurite,Magick,Common,1 blood,0,3,Blue Gem,,,Mox Altar,Perfected with the ingenuity of the mind.,Murigen,T,,,,
Garden of Soul,Magick,Common,2 shattered sapphires,0,3,"Orange Gem, Unholy Will, Bloodless",,,Ancient Mox Altar,What is drive without rest?,Murigen,T,,,,
Library of Mind,Magick,Common,2 shattered emeralds,0,3,"Blue Gem, Infinite Knowledge, Bloodless",,,Ancient Mox Altar,What is wisdom without discovery?,Murigen,T,,,,
Monolith of Form,Magick,Common,2 shattered rubies,0,3,"Green Gem, Eternal Life, Bloodless",,,Ancient Mox Altar,What is perfection without refinement?,Murigen,T,,,,
Mad Cultist,Magick,Common,2 blood,X,3,"Gem Power, Clinger",,,Cultist,Led astray by falsities and sacrifices.,Pixel Profligate,T,,,,
Mad Prophet,Magick,Common,2 blood,2,2,"Snag, Divination",,,Cultist,Power comes from the name you chose.,Pixel Profligate,T,,,,
Mad Conspirator,Magick,Common,2 blood,1,2,"Hoarder, Mental Gemnastics",,,Cultist,"Twelve sets in the morning, two at eve.",Desaft,T,,,,
Mad Martyr,Magick,Common,2 blood,0,4,"Life Donor, Hemanation, Gem Animator",,,Cultist,Always jubilating at the sacrifice.,Pixel Profligate,T,,,,
Mad Martyr_t,Magick,Common,2 blood,X,4,"Life Donor, Hemanation, Gem Powered",,,Cultist,Always jubilating at the sacrifice.,"Pixel Profligate, Blakeline",,,,,
Null Mage,Magick,Common,6 energy,0,3,"Pure Conduit, Gem Cable",,,Android Conduit Mage,Even mages see the value of energy.,Pixel Profligate,T,,,,
Alarm Siren,Terrain,Common,free,0,3,"Annoying, Leader, Bloodless",,"Sturdy, Boneless",Pylon,You can only hope it shuts off soon.,News,,,,,
Barrel,Terrain,Common,free,0,2,Bloodless,,"Sturdy, Boneless",,It's full of oranges.,News,,,,,
Boulder,Terrain,Common,free,0,5,"Made of Stone, Bloodless",,"Sturdy, Boneless",,"For a boulder, it is quite nice.",Pixel Profligate,,,,,
Broken Bot,Terrain,Common,free,0,1,"Detonator, Bloodless",,"Sturdy, Boneless",Bot,"Not working, but dangerous nonetheless.",News,,,,,
Broken Egg,Terrain,Common,free,0,2,"Bloodless, Rotting",,"Sturdy, Boneless",,Not all birds are destined to fly.,Pixel Profligate,,,,,
Crates,Terrain,Common,free,0,4,"Gift Bearer, Bloodless",,"Sturdy, Boneless",,Something is hidden inside.,NEWS,,,,,
Dam,Terrain,Common,free,0,2,"Bastion, Bloodless",,Boneless,,The hard work of an industrious beast.,Pixel Profligate,,,,,
Grand Fir,Terrain,Common,free,0,3,"Mighty Leap, Rooted, Bloodless",,"Sturdy, Boneless",,A towering monument of nature.,Pixel Profligate,,,,,
Guillotine,Terrain,Common,free,0,1,"Deathtrap, Bloodless",,"Sturdy, Boneless",,"When tyranny is law, rebellion is duty.",News,,,,,
Gunpowder Keg,Terrain,Common,free,0,2,"Detonator, Bloodless",,"Sturdy, Boneless",,"Careful, you might end up in smithereens.",News,,,,,
Leaping Trap,Terrain,Common,free,0,1,"Deathtrap, Mighty Leap, Bloodless",,"Sturdy, Boneless",Machine,Very few escape its metal teeth.,Pixel Profligate,,,,,
Locust Swarm,Terrain,Common,free,0,1,"Rampager, Stinky, Bloodless",,"Sturdy, Boneless",Insect,They leave nothing behind their wake.,NEWS,,,,,
Mausoleum,Terrain,Common,free,0,5,"Skull Summoner, Frozen Away, Bloodless",Bone Scrounger,"Sturdy, Boneless",Possessed,Where death is praised.,News,,,,,
Pebble,Terrain,Common,free,0,1,"Made of Stone, Bloodless",,"Sturdy, Boneless",,It is a small rock.,News,,Boulder,,,
Rabbit Pelt,Terrain,Common,free,0,1,"Burden, Bloodless",,Boneless,Vermin Pelt,Perhaps she will trade scraps for this.,Pixel Profligate,,Pelt Lice,,,
Sinkhole,Terrain,Common,free,0,2,"Black Hole, Bloodless",,"Sturdy, Boneless",,Woe unto the beasts living there.,Pixel Profligate,,,,,
Goo Bottle,Terrain,Common,free,0,2,"Green Gem, Gooey, Bloodless",,"Sturdy, Boneless",Mox,A tribute from a pupil of magicks.,Mark,,,,,
Torchsight Mox,Terrain,Common,free,0,5,"Orange Gem, Burning, Bloodless",,"Sturdy, Boneless",Pylon Mox,Mead for a vision of what's ahead.,News,,,,,
Skybound Sapphire,Terrain,Common,free,0,1,"Blue Gem, High Up, Bloodless",,"Sturdy, Boneless",Mox,The sky is not the limit.,NEWS,,,,,
Starvation,Terrain,Common,free,1,1,"Repulsive, Bloodless",,,,It is eternal. Everpresent. Unyeilding.,Pixel Profligate,,,,,
Stump,Terrain,Common,free,0,3,"Rooted, Bloodless",,"Sturdy, Boneless",,The remains of mother nature.,Pixel Profligate,,,,,
Thorn Bush,Terrain,Common,free,0,2,"Sharp Quills, Bloodless",,"Sturdy, Boneless",,Not all thorns come with a rose.,News,,,,,
Web,Terrain,Common,free,0,2,"Web Shooter, Bloodless",,Boneless,,A sticky situation is just ahead.,Mark,,,,,
Wolf Pelt,Terrain,Uncommon,free,0,2,"Burden, Bloodless",,Boneless,Canine Pelt,"A fine pelt, sure to be worth trading.",Pixel Profligate,,Pelt Lice,,,
Wooden Spikes,Terrain,Common,free,0,2,"Sharp Quills, Bloodless",,"Sturdy, Boneless",Construct,"A simple, but effective defense.",News,,,,,
Bait Bucket,Terrain,Uncommon,free,0,2,"Frozen Away, Bloodless",Great White,"Sturdy, Boneless",Fish,"The Angler uses curious bait, to be sure.",Pixel Profligate,,,,,
Burrowing Trap,Terrain,Uncommon,free,0,5,"Burrower, Deathtrap, Bloodless",,,Vermin Construct,Ever the favorite of the trapper.,Pixel Profligate,,,,,
Goo Bottle_t,Terrain,Uncommon,free,0,2,"Gooey, Haunter, Bloodless",,"Sturdy, Boneless",,A tribute from a pupil of magicks.,Mark,,,,,
Rose Bush,Terrain,Uncommon,free,0,2,"Sharp Quills, Frozen Away, Bloodless",Thorn Bush,"Sturdy, Boneless",Flower,Every rose comes with a thorn.,News,,,,,
Strange Beaver,Terrain,Uncommon,free,1,4,"Summon, Aquanaut, Bloodless",Wooden Spikes,,Vermin Construct,A strong instinct to protect.,News,,,,,
Strange Frog,Terrain,Uncommon,free,1,2,"Mighty Leap, Frozen Away, Bloodless",Leaping Trap,,Amphibian Construct,A curious gadget in the shape of a beast.,Pixel Profligate,,,,,
Strange Lizard,Terrain,Uncommon,free,1,2,"Loose Tail, Bloodless",Leaping Trap,,Reptile Construct,Certainly a very elaborate trap.,News,,,,,
Tombstone,Terrain,Uncommon,free,0,1,"Made of Stone, Repulsive, Bloodless",,"Sturdy, Boneless",Grave,A marker of those once passed.,Pixel Profligate,,,,,
Chime,Terrain,Rare,free,0,1,"Incense, Bloodless",,"Sturdy, Boneless",,A curious thing for a curious beast.,Pixel Profligate,,,,,
Chrysomallos,Terrain,Rare,free,1,5,"The Golden Ram, Sprinter, Mighty Leap, Bloodless",,,,A rare sight to be sure.,News,,,,,
Gold Nugget,Terrain,Rare,free,0,2,"Made of Stone, Bloodless",,"Sturdy, Boneless",,He finally struck gold.,Pixel Profligate,,,,,
Golden Pelt,Terrain,Rare,free,0,3,"Burden, Bloodless",,Boneless,Noble Pelt,This... this will fetch something nice.,Pixel Profligate,,Pelt Lice,,,
